Day,"Campaign name","Ad Set Name","Ad name","Campaign ID","Ad set ID","Ad ID","Attribution setting",Starts,Ends,"Link clicks","Landing page views","Messaging conversations started","Add to cart","Cost per Add to cart","Checkouts Initiated",Purchases,"Video plays at 25%","Video plays at 50%","Video plays at 75%","Video plays at 100%","Reporting starts","Reporting ends"
2025-07-14,Always_On_Campaign_all_Placements,Always_On_Ad_Set_all_placements,Always_On_Expanded_ads,120227934035310154,120227934035330154,120227934035320154,"7-day click or 1-day view",2025-06-04,Ongoing,70,66,,,,,,,,,,2025-07-14,2025-07-14
2025-07-13,Always_On_Campaign_all_Placements,Always_On_Ad_Set_all_placements,Always_On_Expanded_ads,120227934035310154,120227934035330154,120227934035320154,"7-day click or 1-day view",2025-06-04,Ongoing,63,60,,,,,,,,,,2025-07-13,2025-07-13
2025-07-12,Always_On_Campaign_all_Placements,Always_On_Ad_Set_all_placements,Always_On_Expanded_ads,120227934035310154,120227934035330154,120227934035320154,"7-day click or 1-day view",2025-06-04,Ongoing,59,56,,,,,,,,,,2025-07-12,2025-07-12
2025-07-11,Always_On_Campaign_all_Placements,Always_On_Ad_Set_all_placements,Always_On_Expanded_ads,120227934035310154,120227934035330154,120227934035320154,"7-day click or 1-day view",2025-06-04,Ongoing,74,62,,,,,,,,,,2025-07-11,2025-07-11
2025-07-10,Always_On_Campaign_all_Placements,Always_On_Ad_Set_all_placements,Always_On_Expanded_ads,120227934035310154,120227934035330154,120227934035320154,"7-day click or 1-day view",2025-06-04,Ongoing,74,67,1,,,,,,,,,2025-07-10,2025-07-10
2025-07-09,Suits_Salwaar_new_stock_27th_April,pacific_mart_nz_traffic_feed_only,"23June_saree + suits_new_ad",120223368010610154,120223368010620154,120229561264060154,"7-day click or 1-day view",2025-04-22,Ongoing,11,2,4,,,,,,,,,2025-07-09,2025-07-09
2025-07-09,Always_On_Campaign_all_Placements,Always_On_Ad_Set_all_placements,Always_On_Expanded_ads,120227934035310154,120227934035330154,120227934035320154,"7-day click or 1-day view",2025-06-04,Ongoing,46,40,,,,,,,,,,2025-07-09,2025-07-09
2025-07-08,Suits_Salwaar_new_stock_27th_April,pacific_mart_nz_traffic_feed_only,"23June_saree + suits_new_ad",120223368010610154,120223368010620154,120229561264060154,"7-day click or 1-day view",2025-04-22,Ongoing,28,,4,,,,,,,,,2025-07-08,2025-07-08
2025-07-08,Always_On_Campaign_all_Placements,Always_On_Ad_Set_all_placements,Always_On_Expanded_ads,120227934035310154,120227934035330154,120227934035320154,"7-day click or 1-day view",2025-06-04,Ongoing,41,35,,,,,,,,,,2025-07-08,2025-07-08
2025-07-07,Suits_Salwaar_new_stock_27th_April,pacific_mart_nz_traffic_feed_only,"23June_saree + suits_new_ad",120223368010610154,120223368010620154,120229561264060154,"7-day click or 1-day view",2025-04-22,Ongoing,23,1,4,,,,,,,,,2025-07-07,2025-07-07
2025-07-07,Always_On_Campaign_all_Placements,Always_On_Ad_Set_all_placements,Always_On_Expanded_ads,120227934035310154,120227934035330154,120227934035320154,"7-day click or 1-day view",2025-06-04,Ongoing,46,41,,1,5.18,,,,,,,2025-07-07,2025-07-07
2025-07-06,Suits_Salwaar_new_stock_27th_April,pacific_mart_nz_traffic_feed_only,"23June_saree + suits_new_ad",120223368010610154,120223368010620154,120229561264060154,"7-day click or 1-day view",2025-04-22,Ongoing,19,2,1,,,,,,,,,2025-07-06,2025-07-06
2025-07-06,Always_On_Campaign_all_Placements,Always_On_Ad_Set_all_placements,Always_On_Expanded_ads,120227934035310154,120227934035330154,120227934035320154,"7-day click or 1-day view",2025-06-04,Ongoing,46,42,,,,,,,,,,2025-07-06,2025-07-06
2025-07-05,Always_On_Campaign_all_Placements,Always_On_Ad_Set_all_placements,Always_On_Expanded_ads,120227934035310154,120227934035330154,120227934035320154,"7-day click or 1-day view",2025-06-04,Ongoing,39,32,,,,,,,,,,2025-07-05,2025-07-05
2025-07-05,Suits_Salwaar_new_stock_27th_April,pacific_mart_nz_traffic_feed_only,"23June_saree + suits_new_ad",120223368010610154,120223368010620154,120229561264060154,"7-day click or 1-day view",2025-04-22,Ongoing,9,1,1,,,,,,,,,2025-07-05,2025-07-05
2025-07-04,Always_On_Campaign_all_Placements,Always_On_Ad_Set_all_placements,Always_On_Expanded_ads,120227934035310154,120227934035330154,120227934035320154,"7-day click or 1-day view",2025-06-04,Ongoing,40,31,,1,4.39,1,,,,,,2025-07-04,2025-07-04
2025-07-04,Suits_Salwaar_new_stock_27th_April,pacific_mart_nz_traffic_feed_only,"23June_saree + suits_new_ad",120223368010610154,120223368010620154,120229561264060154,"7-day click or 1-day view",2025-04-22,Ongoing,12,1,3,,,,,,,,,2025-07-04,2025-07-04
2025-07-03,Suits_Salwaar_new_stock_27th_April,pacific_mart_nz_traffic_feed_only,"23June_saree + suits_new_ad",120223368010610154,120223368010620154,120229561264060154,"7-day click or 1-day view",2025-04-22,Ongoing,20,2,2,,,,,,,,,2025-07-03,2025-07-03
2025-07-03,Always_On_Campaign_all_Placements,Always_On_Ad_Set_all_placements,Always_On_Expanded_ads,120227934035310154,120227934035330154,120227934035320154,"7-day click or 1-day view",2025-06-04,Ongoing,54,48,,,,,,,,,,2025-07-03,2025-07-03
2025-07-02,Suits_Salwaar_new_stock_27th_April,pacific_mart_nz_traffic_feed_only,"23June_saree + suits_new_ad",120223368010610154,120223368010620154,120229561264060154,"7-day click or 1-day view",2025-04-22,Ongoing,23,1,2,,,,,,,,,2025-07-02,2025-07-02
2025-07-02,Always_On_Campaign_all_Placements,Always_On_Ad_Set_all_placements,Always_On_Expanded_ads,120227934035310154,120227934035330154,120227934035320154,"7-day click or 1-day view",2025-06-04,Ongoing,41,36,,,,,1,,,,,2025-07-02,2025-07-02
2025-07-01,Suits_Salwaar_new_stock_27th_April,pacific_mart_nz_traffic_feed_only,"23June_saree + suits_new_ad",120223368010610154,120223368010620154,120229561264060154,"7-day click or 1-day view",2025-04-22,Ongoing,27,,5,,,,,,,,,2025-07-01,2025-07-01
2025-07-01,Always_On_Campaign_all_Placements,Always_On_Ad_Set_all_placements,Always_On_Plus_Size_Suits,120227934035310154,120227934035330154,120227935262190154,"7-day click or 1-day view",2025-06-04,Ongoing,1,,,,,,,,,,,2025-07-01,2025-07-01
2025-07-01,Always_On_Campaign_all_Placements,Always_On_Ad_Set_all_placements,Always_On_Expanded_ads,120227934035310154,120227934035330154,120227934035320154,"7-day click or 1-day view",2025-06-04,Ongoing,43,35,,,,,,,,,,2025-07-01,2025-07-01
2025-06-30,Always_On_Campaign_all_Placements,Always_On_Ad_Set_all_placements,Always_On_Expanded_ads,120227934035310154,120227934035330154,120227934035320154,"7-day click or 1-day view",2025-06-04,Ongoing,72,63,,2,4.295,,,,,,,2025-06-30,2025-06-30
2025-06-30,Suits_Salwaar_new_stock_27th_April,pacific_mart_nz_traffic_feed_only,"23June_saree + suits_new_ad",120223368010610154,120223368010620154,120229561264060154,"7-day click or 1-day view",2025-04-22,Ongoing,13,,1,,,,,,,,,2025-06-30,2025-06-30
2025-06-30,Always_On_Campaign_all_Placements,Always_On_Ad_Set_all_placements,Always_On_Plus_Size_Suits,120227934035310154,120227934035330154,120227935262190154,"7-day click or 1-day view",2025-06-04,Ongoing,9,9,,,,,,,,,,2025-06-30,2025-06-30
2025-06-29,Suits_Salwaar_new_stock_27th_April,pacific_mart_nz_traffic_feed_only,"23June_saree + suits_new_ad",120223368010610154,120223368010620154,120229561264060154,"7-day click or 1-day view",2025-04-22,Ongoing,10,,2,,,,,,,,,2025-06-29,2025-06-29
2025-06-29,Always_On_Campaign_all_Placements,Always_On_Ad_Set_all_placements,Always_On_Plus_Size_Suits,120227934035310154,120227934035330154,120227935262190154,"7-day click or 1-day view",2025-06-04,Ongoing,18,17,,,,,,,,,,2025-06-29,2025-06-29
2025-06-29,Always_On_Campaign_all_Placements,Always_On_Ad_Set_all_placements,Always_On_Expanded_ads,120227934035310154,120227934035330154,120227934035320154,"7-day click or 1-day view",2025-06-04,Ongoing,84,79,,,,,,,,,,2025-06-29,2025-06-29
2025-06-28,Suits_Salwaar_new_stock_27th_April,pacific_mart_nz_traffic_feed_only,"23June_saree + suits_new_ad",120223368010610154,120223368010620154,120229561264060154,"7-day click or 1-day view",2025-04-22,Ongoing,14,2,2,,,,,,,,,2025-06-28,2025-06-28
2025-06-28,Always_On_Campaign_all_Placements,Always_On_Ad_Set_all_placements,Always_On_Plus_Size_Suits,120227934035310154,120227934035330154,120227935262190154,"7-day click or 1-day view",2025-06-04,Ongoing,18,16,,2,0.97,,,,,,,2025-06-28,2025-06-28
2025-06-28,Always_On_Campaign_all_Placements,Always_On_Ad_Set_all_placements,Always_On_Expanded_ads,120227934035310154,120227934035330154,120227934035320154,"7-day click or 1-day view",2025-06-04,Ongoing,54,48,,,,,,,,,,2025-06-28,2025-06-28
2025-06-27,Always_On_Campaign_all_Placements,Always_On_Ad_Set_all_placements,Always_On_Plus_Size_Suits,120227934035310154,120227934035330154,120227935262190154,"7-day click or 1-day view",2025-06-04,Ongoing,16,15,,1,2.24,,,,,,,2025-06-27,2025-06-27
2025-06-27,Always_On_Campaign_all_Placements,Always_On_Ad_Set_all_placements,Always_On_Expanded_ads,120227934035310154,120227934035330154,120227934035320154,"7-day click or 1-day view",2025-06-04,Ongoing,68,57,,,,,,,,,,2025-06-27,2025-06-27
2025-06-27,Suits_Salwaar_new_stock_27th_April,pacific_mart_nz_traffic_feed_only,"23June_saree + suits_new_ad",120223368010610154,120223368010620154,120229561264060154,"7-day click or 1-day view",2025-04-22,Ongoing,9,,3,,,,,,,,,2025-06-27,2025-06-27
2025-06-26,Suits_Salwaar_new_stock_27th_April,pacific_mart_nz_traffic_feed_only,"23June_saree + suits_new_ad",120223368010610154,120223368010620154,120229561264060154,"7-day click or 1-day view",2025-04-22,Ongoing,10,1,3,,,,1,,,,,2025-06-26,2025-06-26
2025-06-26,Always_On_Campaign_all_Placements,Always_On_Ad_Set_all_placements,Always_On_Plus_Size_Suits,120227934035310154,120227934035330154,120227935262190154,"7-day click or 1-day view",2025-06-04,Ongoing,20,20,,,,,,,,,,2025-06-26,2025-06-26
2025-06-26,Always_On_Campaign_all_Placements,Always_On_Ad_Set_all_placements,Always_On_Expanded_ads,120227934035310154,120227934035330154,120227934035320154,"7-day click or 1-day view",2025-06-04,Ongoing,50,40,,,,,,,,,,2025-06-26,2025-06-26
2025-06-25,Suits_Salwaar_new_stock_27th_April,pacific_mart_nz_traffic_feed_only,"23June_saree + suits_new_ad",120223368010610154,120223368010620154,120229561264060154,"7-day click or 1-day view",2025-04-22,Ongoing,7,,,,,,,,,,,2025-06-25,2025-06-25
2025-06-25,Always_On_Campaign_all_Placements,Always_On_Ad_Set_all_placements,Always_On_Plus_Size_Suits,120227934035310154,120227934035330154,120227935262190154,"7-day click or 1-day view",2025-06-04,Ongoing,7,7,,,,,,,,,,2025-06-25,2025-06-25
2025-06-25,Always_On_Campaign_all_Placements,Always_On_Ad_Set_all_placements,Always_On_Expanded_ads,120227934035310154,120227934035330154,120227934035320154,"7-day click or 1-day view",2025-06-04,Ongoing,54,50,,,,,,,,,,2025-06-25,2025-06-25
2025-06-24,Suits_Salwaar_new_stock_27th_April,pacific_mart_nz_traffic_feed_only,"23June_saree + suits_new_ad",120223368010610154,120223368010620154,120229561264060154,"7-day click or 1-day view",2025-04-22,Ongoing,5,,2,,,,,,,,,2025-06-24,2025-06-24
2025-06-24,Always_On_Campaign_all_Placements,Always_On_Ad_Set_all_placements,Always_On_Plus_Size_Suits,120227934035310154,120227934035330154,120227935262190154,"7-day click or 1-day view",2025-06-04,Ongoing,20,20,,,,,,,,,,2025-06-24,2025-06-24
2025-06-24,Always_On_Campaign_all_Placements,Always_On_Ad_Set_all_placements,Always_On_Expanded_ads,120227934035310154,120227934035330154,120227934035320154,"7-day click or 1-day view",2025-06-04,Ongoing,61,56,,,,,,,,,,2025-06-24,2025-06-24
2025-06-24,Suits_Salwaar_new_stock_27th_April,pacific_mart_nz_traffic_feed_only,new_stock_traffic_insta_facebook_feed,120223368010610154,120223368010620154,120223368010630154,"7-day click or 1-day view",2025-04-22,Ongoing,12,,1,,,,,,,,,2025-06-24,2025-06-24
2025-06-23,Always_On_Campaign_all_Placements,Always_On_Ad_Set_all_placements,Always_On_Plus_Size_Suits,120227934035310154,120227934035330154,120227935262190154,"7-day click or 1-day view",2025-06-04,Ongoing,4,4,,,,,,,,,,2025-06-23,2025-06-23
2025-06-23,Always_On_Campaign_all_Placements,Always_On_Ad_Set_all_placements,Always_On_Expanded_ads,120227934035310154,120227934035330154,120227934035320154,"7-day click or 1-day view",2025-06-04,Ongoing,67,57,,,,,,,,,,2025-06-23,2025-06-23
2025-06-23,Suits_Salwaar_new_stock_27th_April,pacific_mart_nz_traffic_feed_only,video_ad_roshni_voice_over,120223368010610154,120223368010620154,120227006132360154,"7-day click or 1-day view",2025-04-22,Ongoing,7,,3,,,,,54,26,18,12,2025-06-23,2025-06-23
2025-06-23,Suits_Salwaar_new_stock_27th_April,pacific_mart_nz_traffic_feed_only,new_stock_traffic_insta_facebook_feed,120223368010610154,120223368010620154,120223368010630154,"7-day click or 1-day view",2025-04-22,Ongoing,,,1,,,,,,,,,2025-06-23,2025-06-23
2025-06-22,Always_On_Campaign_all_Placements,Always_On_Ad_Set_all_placements,Always_On_Expanded_ads,120227934035310154,120227934035330154,120227934035320154,"7-day click or 1-day view",2025-06-04,Ongoing,82,74,,,,,,,,,,2025-06-22,2025-06-22
2025-06-22,Suits_Salwaar_new_stock_27th_April,pacific_mart_nz_traffic_feed_only,new_stock_traffic_insta_facebook_feed,120223368010610154,120223368010620154,120223368010630154,"7-day click or 1-day view",2025-04-22,Ongoing,16,2,1,,,,,,,,,2025-06-22,2025-06-22
2025-06-22,Always_On_Campaign_all_Placements,Always_On_Ad_Set_all_placements,Always_On_Plus_Size_Suits,120227934035310154,120227934035330154,120227935262190154,"7-day click or 1-day view",2025-06-04,Ongoing,10,6,,1,0.7,,,,,,,2025-06-22,2025-06-22
2025-06-21,Always_On_Campaign_all_Placements,Always_On_Ad_Set_all_placements,Always_On_Plus_Size_Suits,120227934035310154,120227934035330154,120227935262190154,"7-day click or 1-day view",2025-06-04,Ongoing,3,3,,,,,,,,,,2025-06-21,2025-06-21
2025-06-21,Always_On_Campaign_all_Placements,Always_On_Ad_Set_all_placements,Always_On_Expanded_ads,120227934035310154,120227934035330154,120227934035320154,"7-day click or 1-day view",2025-06-04,Ongoing,72,64,,3,2.86,2,2,,,,,2025-06-21,2025-06-21
2025-06-21,Suits_Salwaar_new_stock_27th_April,pacific_mart_nz_traffic_feed_only,new_stock_traffic_insta_facebook_feed,120223368010610154,120223368010620154,120223368010630154,"7-day click or 1-day view",2025-04-22,Ongoing,9,,4,,,,,,,,,2025-06-21,2025-06-21
2025-06-20,Always_On_Campaign_all_Placements,Always_On_Ad_Set_all_placements,Always_On_Plus_Size_Suits,120227934035310154,120227934035330154,120227935262190154,"7-day click or 1-day view",2025-06-04,Ongoing,10,10,,,,,,,,,,2025-06-20,2025-06-20
2025-06-20,Always_On_Campaign_all_Placements,Always_On_Ad_Set_all_placements,Always_On_Expanded_ads,120227934035310154,120227934035330154,120227934035320154,"7-day click or 1-day view",2025-06-04,Ongoing,84,81,,,,,,,,,,2025-06-20,2025-06-20
2025-06-20,Suits_Salwaar_new_stock_27th_April,pacific_mart_nz_traffic_feed_only,video_ad_roshni_voice_over,120223368010610154,120223368010620154,120227006132360154,"7-day click or 1-day view",2025-04-22,Ongoing,,,,,,,,1,1,,,2025-06-20,2025-06-20
2025-06-20,Suits_Salwaar_new_stock_27th_April,pacific_mart_nz_traffic_feed_only,new_stock_traffic_insta_facebook_feed,120223368010610154,120223368010620154,120223368010630154,"7-day click or 1-day view",2025-04-22,Ongoing,19,1,2,,,,,,,,,2025-06-20,2025-06-20
2025-06-19,Suits_Salwaar_new_stock_27th_April,pacific_mart_nz_traffic_feed_only,video_ad_roshni_voice_over,120223368010610154,120223368010620154,120227006132360154,"7-day click or 1-day view",2025-04-22,Ongoing,1,,,,,,,7,1,1,1,2025-06-19,2025-06-19
2025-06-19,Suits_Salwaar_new_stock_27th_April,pacific_mart_nz_traffic_feed_only,new_stock_traffic_insta_facebook_feed,120223368010610154,120223368010620154,120223368010630154,"7-day click or 1-day view",2025-04-22,Ongoing,9,1,5,,,,,,,,,2025-06-19,2025-06-19
2025-06-19,Always_On_Campaign_all_Placements,Always_On_Ad_Set_all_placements,Always_On_Expanded_ads,120227934035310154,120227934035330154,120227934035320154,"7-day click or 1-day view",2025-06-04,Ongoing,62,55,,2,3.845,1,,,,,,2025-06-19,2025-06-19
2025-06-19,Always_On_Campaign_all_Placements,Always_On_Ad_Set_all_placements,Always_On_Plus_Size_Suits,120227934035310154,120227934035330154,120227935262190154,"7-day click or 1-day view",2025-06-04,Ongoing,15,15,,,,,,,,,,2025-06-19,2025-06-19
2025-06-18,Always_On_Campaign_all_Placements,Always_On_Ad_Set_all_placements,Always_On_Plus_Size_Suits,120227934035310154,120227934035330154,120227935262190154,"7-day click or 1-day view",2025-06-04,Ongoing,37,35,,3,1.72,,,,,,,2025-06-18,2025-06-18
2025-06-18,Always_On_Campaign_all_Placements,Always_On_Ad_Set_all_placements,Always_On_Expanded_ads,120227934035310154,120227934035330154,120227934035320154,"7-day click or 1-day view",2025-06-04,Ongoing,18,16,,,,,,,,,,2025-06-18,2025-06-18
2025-06-18,Suits_Salwaar_new_stock_27th_April,pacific_mart_nz_traffic_feed_only,video_ad_roshni_voice_over,120223368010610154,120223368010620154,120227006132360154,"7-day click or 1-day view",2025-04-22,Ongoing,2,,1,,,,,25,14,11,7,2025-06-18,2025-06-18
2025-06-18,Suits_Salwaar_new_stock_27th_April,pacific_mart_nz_traffic_feed_only,new_stock_traffic_insta_facebook_feed,120223368010610154,120223368010620154,120223368010630154,"7-day click or 1-day view",2025-04-22,Ongoing,35,,5,1,7.9,1,1,,,,,2025-06-18,2025-06-18
2025-06-17,Always_On_Campaign_all_Placements,Always_On_Ad_Set_all_placements,Always_On_Expanded_ads,120227934035310154,120227934035330154,120227934035320154,"7-day click or 1-day view",2025-06-04,Ongoing,46,41,,,,,,,,,,2025-06-17,2025-06-17
2025-06-17,Suits_Salwaar_new_stock_27th_April,pacific_mart_nz_traffic_feed_only,video_ad_roshni_voice_over,120223368010610154,120223368010620154,120227006132360154,"7-day click or 1-day view",2025-04-22,Ongoing,6,1,3,,,,,25,12,9,9,2025-06-17,2025-06-17
2025-06-17,Suits_Salwaar_new_stock_27th_April,pacific_mart_nz_traffic_feed_only,new_stock_traffic_insta_facebook_feed,120223368010610154,120223368010620154,120223368010630154,"7-day click or 1-day view",2025-04-22,Ongoing,28,1,3,,,,,,,,,2025-06-17,2025-06-17
2025-06-16,Suits_Salwaar_new_stock_27th_April,pacific_mart_nz_traffic_feed_only,new_stock_traffic_insta_facebook_feed,120223368010610154,120223368010620154,120223368010630154,"7-day click or 1-day view",2025-04-22,Ongoing,39,4,7,,,,,,,,,2025-06-16,2025-06-16
2025-06-16,Suits_Salwaar_new_stock_27th_April,pacific_mart_nz_traffic_feed_only,video_ad_roshni_voice_over,120223368010610154,120223368010620154,120227006132360154,"7-day click or 1-day view",2025-04-22,Ongoing,1,,2,,,,,20,11,8,6,2025-06-16,2025-06-16
2025-06-16,Always_On_Campaign_all_Placements,Always_On_Ad_Set_all_placements,Always_On_Expanded_ads,120227934035310154,120227934035330154,120227934035320154,"7-day click or 1-day view",2025-06-04,Ongoing,38,30,,4,1.3225,,,,,,,2025-06-16,2025-06-16
2025-06-16,Always_On_Campaign_all_Placements,"Test - Always_On_Ad_Set_all_placements",Always_On_Expanded_ads,120227934035310154,120227935031180154,120227935031170154,"7-day click or 1-day view",2025-06-04,Ongoing,12,9,,,,,,,,,,2025-06-16,2025-06-16
2025-06-15,Always_On_Campaign_all_Placements,"Test - Always_On_Ad_Set_all_placements",Always_On_Expanded_ads,120227934035310154,120227935031180154,120227935031170154,"7-day click or 1-day view",2025-06-04,Ongoing,60,55,,2,2.955,,,,,,,2025-06-15,2025-06-15
2025-06-15,Always_On_Campaign_all_Placements,Always_On_Ad_Set_all_placements,Always_On_Expanded_ads,120227934035310154,120227934035330154,120227934035320154,"7-day click or 1-day view",2025-06-04,Ongoing,44,41,,,,,,,,,,2025-06-15,2025-06-15
2025-06-15,Suits_Salwaar_new_stock_27th_April,pacific_mart_nz_traffic_feed_only,video_ad_roshni_voice_over,120223368010610154,120223368010620154,120227006132360154,"7-day click or 1-day view",2025-04-22,Ongoing,3,,,,,,,25,16,15,9,2025-06-15,2025-06-15
2025-06-15,Suits_Salwaar_new_stock_27th_April,pacific_mart_nz_traffic_feed_only,new_stock_traffic_insta_facebook_feed,120223368010610154,120223368010620154,120223368010630154,"7-day click or 1-day view",2025-04-22,Ongoing,40,3,7,,,,,,,,,2025-06-15,2025-06-15
2025-06-14,Always_On_Campaign_all_Placements,Always_On_Ad_Set_all_placements,Always_On_Plus_Size_Suits,120227934035310154,120227934035330154,120227935262190154,"7-day click or 1-day view",2025-06-04,Ongoing,,,,,,,,,,,,2025-06-14,2025-06-14
2025-06-14,Always_On_Campaign_all_Placements,"Test - Always_On_Ad_Set_all_placements",Always_On_Expanded_ads,120227934035310154,120227935031180154,120227935031170154,"7-day click or 1-day view",2025-06-04,Ongoing,43,40,,,,,,,,,,2025-06-14,2025-06-14
2025-06-14,Always_On_Campaign_all_Placements,Always_On_Ad_Set_all_placements,Always_On_Expanded_ads,120227934035310154,120227934035330154,120227934035320154,"7-day click or 1-day view",2025-06-04,Ongoing,49,48,,,,,,,,,,2025-06-14,2025-06-14
2025-06-14,Suits_Salwaar_new_stock_27th_April,pacific_mart_nz_traffic_feed_only,video_ad_roshni_voice_over,120223368010610154,120223368010620154,120227006132360154,"7-day click or 1-day view",2025-04-22,Ongoing,2,,,,,,,6,4,4,3,2025-06-14,2025-06-14
2025-06-14,Suits_Salwaar_new_stock_27th_April,pacific_mart_nz_traffic_feed_only,new_stock_traffic_insta_facebook_feed,120223368010610154,120223368010620154,120223368010630154,"7-day click or 1-day view",2025-04-22,Ongoing,23,,3,,,,,,,,,2025-06-14,2025-06-14
2025-06-13,Suits_Salwaar_new_stock_27th_April,pacific_mart_nz_traffic_feed_only,video_ad_roshni_voice_over,120223368010610154,120223368010620154,120227006132360154,"7-day click or 1-day view",2025-04-22,Ongoing,,,,,,,,23,7,6,4,2025-06-13,2025-06-13
2025-06-13,Suits_Salwaar_new_stock_27th_April,pacific_mart_nz_traffic_feed_only,new_stock_traffic_insta_facebook_feed,120223368010610154,120223368010620154,120223368010630154,"7-day click or 1-day view",2025-04-22,Ongoing,17,1,3,,,,,,,,,2025-06-13,2025-06-13
2025-06-13,Suits_Salwaar_Always_On_20_April,pacific_mart_nz_sales_Insta_Facebook,caraousel_new_stock_video_ads_20_April,120222398482490154,120222398482650154,120222961900550154,"7-day click, 1-day view, or 1-day engaged-view",2025-04-20,2025-06-15,,,,1,0,,,,,,,2025-06-13,2025-06-13
2025-06-13,Always_On_Campaign_all_Placements,Always_On_Ad_Set_all_placements,Always_On_Expanded_ads,120227934035310154,120227934035330154,120227934035320154,"7-day click or 1-day view",2025-06-04,Ongoing,34,30,,,,,,,,,,2025-06-13,2025-06-13
2025-06-13,Always_On_Campaign_all_Placements,"Test - Always_On_Ad_Set_all_placements",Always_On_Expanded_ads,120227934035310154,120227935031180154,120227935031170154,"7-day click or 1-day view",2025-06-04,Ongoing,27,22,,,,,,,,,,2025-06-13,2025-06-13
2025-06-13,Always_On_Campaign_all_Placements,Always_On_Ad_Set_all_placements,Always_On_Plus_Size_Suits,120227934035310154,120227934035330154,120227935262190154,"7-day click or 1-day view",2025-06-04,Ongoing,12,10,,2,0.765,2,,,,,,2025-06-13,2025-06-13
2025-06-12,Always_On_Campaign_all_Placements,Always_On_Ad_Set_all_placements,Always_On_Plus_Size_Suits,120227934035310154,120227934035330154,120227935262190154,"7-day click or 1-day view",2025-06-04,Ongoing,11,11,,,,,,,,,,2025-06-12,2025-06-12
2025-06-12,Always_On_Campaign_all_Placements,"Test - Always_On_Ad_Set_all_placements",Always_On_Expanded_ads,120227934035310154,120227935031180154,120227935031170154,"7-day click or 1-day view",2025-06-04,Ongoing,19,17,,2,2.465,,,,,,,2025-06-12,2025-06-12
2025-06-12,Always_On_Campaign_all_Placements,Always_On_Ad_Set_all_placements,Always_On_Expanded_ads,120227934035310154,120227934035330154,120227934035320154,"7-day click or 1-day view",2025-06-04,Ongoing,12,8,,,,,,,,,,2025-06-12,2025-06-12
2025-06-12,Suits_Salwaar_new_stock_27th_April,pacific_mart_nz_traffic_feed_only,video_ad_roshni_voice_over,120223368010610154,120223368010620154,120227006132360154,"7-day click or 1-day view",2025-04-22,Ongoing,5,,,,,,,43,19,15,8,2025-06-12,2025-06-12
2025-06-12,Suits_Salwaar_new_stock_27th_April,pacific_mart_nz_traffic_feed_only,new_stock_traffic_insta_facebook_feed,120223368010610154,120223368010620154,120223368010630154,"7-day click or 1-day view",2025-04-22,Ongoing,31,1,4,,,,,,,,,2025-06-12,2025-06-12
2025-06-11,Suits_Salwaar_new_stock_27th_April,pacific_mart_nz_traffic_feed_only,new_stock_traffic_insta_facebook_feed,120223368010610154,120223368010620154,120223368010630154,"7-day click or 1-day view",2025-04-22,Ongoing,20,2,5,3,4.25,,,,,,,2025-06-11,2025-06-11
2025-06-11,Suits_Salwaar_new_stock_27th_April,pacific_mart_nz_traffic_feed_only,video_ad_roshni_voice_over,120223368010610154,120223368010620154,120227006132360154,"7-day click or 1-day view",2025-04-22,Ongoing,3,,,,,,,39,17,13,9,2025-06-11,2025-06-11
2025-06-11,Always_On_Campaign_all_Placements,"Test - Always_On_Ad_Set_all_placements",Always_On_Expanded_ads,120227934035310154,120227935031180154,120227935031170154,"7-day click or 1-day view",2025-06-04,Ongoing,20,17,,,,,,,,,,2025-06-11,2025-06-11
2025-06-11,Always_On_Campaign_all_Placements,Always_On_Ad_Set_all_placements,Always_On_Expanded_ads,120227934035310154,120227934035330154,120227934035320154,"7-day click or 1-day view",2025-06-04,Ongoing,22,18,,,,,,,,,,2025-06-11,2025-06-11
2025-06-11,Always_On_Campaign_all_Placements,Always_On_Ad_Set_all_placements,Always_On_Plus_Size_Suits,120227934035310154,120227934035330154,120227935262190154,"7-day click or 1-day view",2025-06-04,Ongoing,17,18,,2,1.21,,,,,,,2025-06-11,2025-06-11
2025-06-10,Always_On_Campaign_all_Placements,Always_On_Ad_Set_all_placements,Always_On_Plus_Size_Suits,120227934035310154,120227934035330154,120227935262190154,"7-day click or 1-day view",2025-06-04,Ongoing,34,31,,1,5.06,1,,,,,,2025-06-10,2025-06-10
2025-06-10,Always_On_Campaign_all_Placements,"Test - Always_On_Ad_Set_all_placements",Always_On_Expanded_ads,120227934035310154,120227935031180154,120227935031170154,"7-day click or 1-day view",2025-06-04,Ongoing,40,36,,,,,,,,,,2025-06-10,2025-06-10
2025-06-10,Always_On_Campaign_all_Placements,Always_On_Ad_Set_all_placements,Always_On_Expanded_ads,120227934035310154,120227934035330154,120227934035320154,"7-day click or 1-day view",2025-06-04,Ongoing,,1,,,,,,,,,,2025-06-10,2025-06-10
2025-06-10,Suits_Salwaar_new_stock_27th_April,pacific_mart_nz_traffic_feed_only,video_ad_roshni_voice_over,120223368010610154,120223368010620154,120227006132360154,"7-day click or 1-day view",2025-04-22,Ongoing,5,,1,,,,,30,12,6,4,2025-06-10,2025-06-10
2025-06-10,Suits_Salwaar_new_stock_27th_April,pacific_mart_nz_traffic_feed_only,new_stock_traffic_insta_facebook_feed,120223368010610154,120223368010620154,120223368010630154,"7-day click or 1-day view",2025-04-22,Ongoing,22,1,4,2,6.01,,,,,,,2025-06-10,2025-06-10
2025-06-09,Suits_Salwaar_Always_On_20_April,pacific_mart_nz_sales_Insta_Facebook,video_ad_roshni_voice_all_placement,120222398482490154,120222398482650154,120227008613590154,"7-day click, 1-day view, or 1-day engaged-view",2025-04-20,2025-06-15,,,,,,,,1,,2,1,2025-06-09,2025-06-09
2025-06-09,Suits_Salwaar_Always_On_20_April,pacific_mart_nz_sales_Insta_Facebook,caraousel_new_stock_video_ads_20_April,120222398482490154,120222398482650154,120222961900550154,"7-day click, 1-day view, or 1-day engaged-view",2025-04-20,2025-06-15,3,4,,,,,,31,15,5,2,2025-06-09,2025-06-09
2025-06-09,Suits_Salwaar_new_stock_27th_April,pacific_mart_nz_traffic_feed_only,video_ad_roshni_voice_over,120223368010610154,120223368010620154,120227006132360154,"7-day click or 1-day view",2025-04-22,Ongoing,5,,1,,,,,37,23,15,11,2025-06-09,2025-06-09
2025-06-09,Suits_Salwaar_new_stock_27th_April,pacific_mart_nz_traffic_feed_only,new_stock_traffic_insta_facebook_feed,120223368010610154,120223368010620154,120223368010630154,"7-day click or 1-day view",2025-04-22,Ongoing,42,1,10,,,,,,,,,2025-06-09,2025-06-09
2025-06-09,Always_On_Campaign_all_Placements,Always_On_Ad_Set_all_placements,Always_On_Expanded_ads,120227934035310154,120227934035330154,120227934035320154,"7-day click or 1-day view",2025-06-04,Ongoing,1,1,,,,,,,,,,2025-06-09,2025-06-09
2025-06-09,Always_On_Campaign_all_Placements,Always_On_Ad_Set_all_placements,Always_On_Plus_Size_Suits,120227934035310154,120227934035330154,120227935262190154,"7-day click or 1-day view",2025-06-04,Ongoing,24,21,,,,,,,,,,2025-06-09,2025-06-09
2025-06-09,Always_On_Campaign_all_Placements,"Test - Always_On_Ad_Set_all_placements",Always_On_Expanded_ads,120227934035310154,120227935031180154,120227935031170154,"7-day click or 1-day view",2025-06-04,Ongoing,37,35,,,,,,,,,,2025-06-09,2025-06-09
2025-06-08,Always_On_Campaign_all_Placements,Always_On_Ad_Set_all_placements,Always_On_Plus_Size_Suits,120227934035310154,120227934035330154,120227935262190154,"7-day click or 1-day view",2025-06-04,Ongoing,22,22,,,,,,,,,,2025-06-08,2025-06-08
2025-06-08,Always_On_Campaign_all_Placements,"Test - Always_On_Ad_Set_all_placements",Always_On_Expanded_ads,120227934035310154,120227935031180154,120227935031170154,"7-day click or 1-day view",2025-06-04,Ongoing,31,28,,,,,,,,,,2025-06-08,2025-06-08
2025-06-08,Always_On_Campaign_all_Placements,Always_On_Ad_Set_all_placements,Always_On_Expanded_ads,120227934035310154,120227934035330154,120227934035320154,"7-day click or 1-day view",2025-06-04,Ongoing,10,10,,,,,,,,,,2025-06-08,2025-06-08
2025-06-08,Suits_Salwaar_Always_On_20_April,pacific_mart_nz_sales_Insta_Facebook,video_ad_roshni_voice_all_placement,120222398482490154,120222398482650154,120227008613590154,"7-day click, 1-day view, or 1-day engaged-view",2025-04-20,2025-06-15,7,8,,,,,,21,12,8,5,2025-06-08,2025-06-08
2025-06-08,Suits_Salwaar_new_stock_27th_April,pacific_mart_nz_traffic_feed_only,video_ad_roshni_voice_over,120223368010610154,120223368010620154,120227006132360154,"7-day click or 1-day view",2025-04-22,Ongoing,4,1,1,,,,,13,7,5,2,2025-06-08,2025-06-08
2025-06-08,Suits_Salwaar_Always_On_20_April,pacific_mart_nz_sales_Insta_Facebook,caraousel_new_stock_video_ads_20_April,120222398482490154,120222398482650154,120222961900550154,"7-day click, 1-day view, or 1-day engaged-view",2025-04-20,2025-06-15,26,27,,3,1.69,1,,109,45,30,25,2025-06-08,2025-06-08
2025-06-08,Suits_Salwaar_new_stock_27th_April,pacific_mart_nz_traffic_feed_only,new_stock_traffic_insta_facebook_feed,120223368010610154,120223368010620154,120223368010630154,"7-day click or 1-day view",2025-04-22,Ongoing,22,,3,,,,,,,,,2025-06-08,2025-06-08
2025-06-07,Always_On_Campaign_all_Placements,"Test - Always_On_Ad_Set_all_placements",Always_On_Expanded_ads,120227934035310154,120227935031180154,120227935031170154,"7-day click or 1-day view",2025-06-04,Ongoing,44,41,,,,,,,,,,2025-06-07,2025-06-07
2025-06-07,Always_On_Campaign_all_Placements,Always_On_Ad_Set_all_placements,Always_On_Expanded_ads,120227934035310154,120227934035330154,120227934035320154,"7-day click or 1-day view",2025-06-04,Ongoing,35,34,,,,,,,,,,2025-06-07,2025-06-07
2025-06-07,Suits_Salwaar_Always_On_20_April,pacific_mart_nz_sales_Insta_Facebook,video_ad_roshni_voice_all_placement,120222398482490154,120222398482650154,120227008613590154,"7-day click, 1-day view, or 1-day engaged-view",2025-04-20,2025-06-15,5,4,,2,0.825,,,18,6,2,2,2025-06-07,2025-06-07
2025-06-07,Suits_Salwaar_new_stock_27th_April,pacific_mart_nz_traffic_feed_only,video_ad_roshni_voice_over,120223368010610154,120223368010620154,120227006132360154,"7-day click or 1-day view",2025-04-22,Ongoing,,,,,,,,15,4,3,2,2025-06-07,2025-06-07
2025-06-07,Suits_Salwaar_new_stock_27th_April,pacific_mart_nz_traffic_feed_only,new_stock_traffic_insta_facebook_feed,120223368010610154,120223368010620154,120223368010630154,"7-day click or 1-day view",2025-04-22,Ongoing,20,2,,,,,,,,,,2025-06-07,2025-06-07
2025-06-07,Suits_Salwaar_Always_On_20_April,pacific_mart_nz_sales_Insta_Facebook,caraousel_new_stock_video_ads_20_April,120222398482490154,120222398482650154,120222961900550154,"7-day click, 1-day view, or 1-day engaged-view",2025-04-20,2025-06-15,10,9,,1,11.67,,,144,59,26,19,2025-06-07,2025-06-07
2025-06-06,Suits_Salwaar_Always_On_20_April,pacific_mart_nz_sales_Insta_Facebook,caraousel_new_stock_video_ads_20_April,120222398482490154,120222398482650154,120222961900550154,"7-day click, 1-day view, or 1-day engaged-view",2025-04-20,2025-06-15,17,27,,7,0.88285714,1,,157,73,38,25,2025-06-06,2025-06-06
2025-06-06,Suits_Salwaar_new_stock_27th_April,pacific_mart_nz_traffic_feed_only,video_ad_roshni_voice_over,120223368010610154,120223368010620154,120227006132360154,"7-day click or 1-day view",2025-04-22,Ongoing,3,,,,,,,10,2,1,1,2025-06-06,2025-06-06
2025-06-06,Suits_Salwaar_new_stock_27th_April,pacific_mart_nz_traffic_feed_only,new_stock_traffic_insta_facebook_feed,120223368010610154,120223368010620154,120223368010630154,"7-day click or 1-day view",2025-04-22,Ongoing,23,,,,,,,,,,,2025-06-06,2025-06-06
2025-06-06,Always_On_Campaign_all_Placements,Always_On_Ad_Set_all_placements,Always_On_Expanded_ads,120227934035310154,120227934035330154,120227934035320154,"7-day click or 1-day view",2025-06-04,Ongoing,32,24,,,,,,,,,,2025-06-06,2025-06-06
2025-06-06,Always_On_Campaign_all_Placements,"Test - Always_On_Ad_Set_all_placements",Always_On_Expanded_ads,120227934035310154,120227935031180154,120227935031170154,"7-day click or 1-day view",2025-06-04,Ongoing,45,40,,,,,,,,,,2025-06-06,2025-06-06
2025-06-05,Always_On_Campaign_all_Placements,Always_On_Ad_Set_all_placements,Always_On_Plus_Size_Suits,120227934035310154,120227934035330154,120227935262190154,"7-day click or 1-day view",2025-06-04,Ongoing,1,,,,,,,,,,,2025-06-05,2025-06-05
2025-06-05,Always_On_Campaign_all_Placements,"Test - Always_On_Ad_Set_all_placements",Always_On_Expanded_ads,120227934035310154,120227935031180154,120227935031170154,"7-day click or 1-day view",2025-06-04,Ongoing,44,39,1,,,,,,,,,2025-06-05,2025-06-05
2025-06-05,Always_On_Campaign_all_Placements,Always_On_Ad_Set_all_placements,Always_On_Expanded_ads,120227934035310154,120227934035330154,120227934035320154,"7-day click or 1-day view",2025-06-04,Ongoing,45,44,,,,,,,,,,2025-06-05,2025-06-05
2025-06-05,Suits_Salwaar_new_stock_27th_April,pacific_mart_nz_traffic_feed_only,video_ad_roshni_voice_over,120223368010610154,120223368010620154,120227006132360154,"7-day click or 1-day view",2025-04-22,Ongoing,,,,,,,,12,5,1,1,2025-06-05,2025-06-05
2025-06-05,Suits_Salwaar_new_stock_27th_April,pacific_mart_nz_traffic_feed_only,new_stock_traffic_insta_facebook_feed,120223368010610154,120223368010620154,120223368010630154,"7-day click or 1-day view",2025-04-22,Ongoing,18,,5,,,,,,,,,2025-06-05,2025-06-05
2025-06-05,Suits_Salwaar_Always_On_20_April,pacific_mart_nz_sales_Insta_Facebook,caraousel_new_stock_video_ads_20_April,120222398482490154,120222398482650154,120222961900550154,"7-day click, 1-day view, or 1-day engaged-view",2025-04-20,2025-06-15,18,14,,2,3.475,1,,208,90,59,42,2025-06-05,2025-06-05
2025-06-04,Suits_Salwaar_new_stock_27th_April,pacific_mart_nz_traffic_feed_only,video_ad_roshni_voice_over,120223368010610154,120223368010620154,120227006132360154,"7-day click or 1-day view",2025-04-22,Ongoing,1,,1,,,,,5,3,1,1,2025-06-04,2025-06-04
2025-06-04,Suits_Salwaar_Always_On_20_April,pacific_mart_nz_sales_Insta_Facebook,caraousel_new_stock_video_ads_20_April,120222398482490154,120222398482650154,120222961900550154,"7-day click, 1-day view, or 1-day engaged-view",2025-04-20,2025-06-15,25,25,,2,3.33,,,219,85,46,30,2025-06-04,2025-06-04
2025-06-04,Suits_Salwaar_new_stock_27th_April,pacific_mart_nz_traffic_feed_only,new_stock_traffic_insta_facebook_feed,120223368010610154,120223368010620154,120223368010630154,"7-day click or 1-day view",2025-04-22,Ongoing,24,,,,,,,,,,,2025-06-04,2025-06-04
2025-06-04,Always_On_Campaign_all_Placements,"Test - Always_On_Ad_Set_all_placements",Always_On_Expanded_ads,120227934035310154,120227935031180154,120227935031170154,"7-day click or 1-day view",2025-06-04,Ongoing,23,17,,,,,,,,,,2025-06-04,2025-06-04
2025-06-04,Suits_Salwaar_Always_On_20_April,pacific_mart_nz_sales_Insta_Facebook,video_ad_roshni_voice_all_placement,120222398482490154,120222398482650154,120227008613590154,"7-day click, 1-day view, or 1-day engaged-view",2025-04-20,2025-06-15,,,,,,,,2,1,,,2025-06-04,2025-06-04
2025-06-04,Always_On_Campaign_all_Placements,Always_On_Ad_Set_all_placements,Always_On_Expanded_ads,120227934035310154,120227934035330154,120227934035320154,"7-day click or 1-day view",2025-06-04,Ongoing,35,32,,,,,,,,,,2025-06-04,2025-06-04
2025-06-04,Always_On_Campaign_all_Placements,Always_On_Ad_Set_all_placements,Always_On_Plus_Size_Suits,120227934035310154,120227934035330154,120227935262190154,"7-day click or 1-day view",2025-06-04,Ongoing,1,1,,,,,,,,,,2025-06-04,2025-06-04
2025-06-03,Suits_Salwaar_Always_On_20_April,pacific_mart_nz_sales_Insta_Facebook,video_ad_roshni_voice_all_placement,120222398482490154,120222398482650154,120227008613590154,"7-day click, 1-day view, or 1-day engaged-view",2025-04-20,2025-06-15,3,4,,,,,,23,10,5,3,2025-06-03,2025-06-03
2025-06-03,Suits_Salwaar_new_stock_27th_April,pacific_mart_nz_traffic_feed_only,video_ad_roshni_voice_over,120223368010610154,120223368010620154,120227006132360154,"7-day click or 1-day view",2025-04-22,Ongoing,2,,1,,,,,11,7,4,,2025-06-03,2025-06-03
2025-06-03,Suits_Salwaar_new_stock_27th_April,pacific_mart_nz_traffic_feed_only,new_stock_traffic_insta_facebook_feed,120223368010610154,120223368010620154,120223368010630154,"7-day click or 1-day view",2025-04-22,Ongoing,27,,5,,,,1,,,,,2025-06-03,2025-06-03
2025-06-03,Suits_Salwaar_Always_On_20_April,pacific_mart_nz_sales_Insta_Facebook,caraousel_new_stock_video_ads_20_April,120222398482490154,120222398482650154,120222961900550154,"7-day click, 1-day view, or 1-day engaged-view",2025-04-20,2025-06-15,31,28,1,2,3.18,,,168,74,53,38,2025-06-03,2025-06-03
2025-06-02,Suits_Salwaar_new_stock_27th_April,pacific_mart_nz_traffic_feed_only,video_ad_roshni_voice_over,120223368010610154,120223368010620154,120227006132360154,"7-day click or 1-day view",2025-04-22,Ongoing,5,,,,,,,25,11,8,7,2025-06-02,2025-06-02
2025-06-02,Suits_Salwaar_Always_On_20_April,pacific_mart_nz_sales_Insta_Facebook,video_ad_roshni_voice_all_placement,120222398482490154,120222398482650154,120227008613590154,"7-day click, 1-day view, or 1-day engaged-view",2025-04-20,2025-06-15,2,1,,,,,,11,3,3,1,2025-06-02,2025-06-02
2025-06-02,Suits_Salwaar_new_stock_27th_April,pacific_mart_nz_traffic_feed_only,new_stock_traffic_insta_facebook_feed,120223368010610154,120223368010620154,120223368010630154,"7-day click or 1-day view",2025-04-22,Ongoing,35,,1,,,,,,,,,2025-06-02,2025-06-02
2025-06-02,Suits_Salwaar_Always_On_20_April,pacific_mart_nz_sales_Insta_Facebook,caraousel_new_stock_video_ads_20_April,120222398482490154,120222398482650154,120222961900550154,"7-day click, 1-day view, or 1-day engaged-view",2025-04-20,2025-06-15,44,47,,1,6.37,1,,207,104,67,46,2025-06-02,2025-06-02
2025-06-01,Suits_Salwaar_Always_On_20_April,pacific_mart_nz_sales_Insta_Facebook,video_ad_roshni_voice_all_placement,120222398482490154,120222398482650154,120227008613590154,"7-day click, 1-day view, or 1-day engaged-view",2025-04-20,2025-06-15,,,,,,,,1,,,,2025-06-01,2025-06-01
2025-06-01,Suits_Salwaar_new_stock_27th_April,pacific_mart_nz_traffic_feed_only,video_ad_roshni_voice_over,120223368010610154,120223368010620154,120227006132360154,"7-day click or 1-day view",2025-04-22,Ongoing,,,,,,,,3,1,1,,2025-06-01,2025-06-01
2025-06-01,Suits_Salwaar_new_stock_27th_April,pacific_mart_nz_traffic_feed_only,new_stock_traffic_insta_facebook_feed,120223368010610154,120223368010620154,120223368010630154,"7-day click or 1-day view",2025-04-22,Ongoing,32,,3,,,,1,,,,,2025-06-01,2025-06-01
2025-06-01,Suits_Salwaar_Always_On_20_April,pacific_mart_nz_sales_Insta_Facebook,caraousel_new_stock_video_ads_20_April,120222398482490154,120222398482650154,120222961900550154,"7-day click, 1-day view, or 1-day engaged-view",2025-04-20,2025-06-15,39,41,1,,,,,266,110,69,46,2025-06-01,2025-06-01
2025-05-31,Suits_Salwaar_Always_On_20_April,pacific_mart_nz_sales_Insta_Facebook,video_ad_roshni_voice_all_placement,120222398482490154,120222398482650154,120227008613590154,"7-day click, 1-day view, or 1-day engaged-view",2025-04-20,2025-06-15,2,2,,,,,,9,3,3,2,2025-05-31,2025-05-31
2025-05-31,Suits_Salwaar_new_stock_27th_April,pacific_mart_nz_traffic_feed_only,new_stock_traffic_insta_facebook_feed,120223368010610154,120223368010620154,120223368010630154,"7-day click or 1-day view",2025-04-22,Ongoing,29,1,5,,,,1,,,,,2025-05-31,2025-05-31
2025-05-31,Suits_Salwaar_Always_On_20_April,pacific_mart_nz_sales_Insta_Facebook,caraousel_new_stock_video_ads_20_April,120222398482490154,120222398482650154,120222961900550154,"7-day click, 1-day view, or 1-day engaged-view",2025-04-20,2025-06-15,27,26,,,,,,228,104,66,45,2025-05-31,2025-05-31
2025-05-30,Suits_Salwaar_Always_On_20_April,pacific_mart_nz_sales_Insta_Facebook,video_ad_roshni_voice_all_placement,120222398482490154,120222398482650154,120227008613590154,"7-day click, 1-day view, or 1-day engaged-view",2025-04-20,2025-06-15,18,15,,1,4.52,,,127,57,35,27,2025-05-30,2025-05-30
2025-05-30,Suits_Salwaar_new_stock_27th_April,pacific_mart_nz_traffic_feed_only,video_ad_roshni_voice_over,120223368010610154,120223368010620154,120227006132360154,"7-day click or 1-day view",2025-04-22,Ongoing,6,,1,,,,,44,25,19,14,2025-05-30,2025-05-30
2025-05-30,Suits_Salwaar_new_stock_27th_April,pacific_mart_nz_traffic_feed_only,new_stock_traffic_insta_facebook_feed,120223368010610154,120223368010620154,120223368010630154,"7-day click or 1-day view",2025-04-22,Ongoing,13,,2,,,,,,,,,2025-05-30,2025-05-30
2025-05-30,Suits_Salwaar_Always_On_20_April,pacific_mart_nz_sales_Insta_Facebook,caraousel_new_stock_video_ads_20_April,120222398482490154,120222398482650154,120222961900550154,"7-day click, 1-day view, or 1-day engaged-view",2025-04-20,2025-06-15,19,16,,,,,,117,53,39,26,2025-05-30,2025-05-30
2025-05-29,Suits_Salwaar_Always_On_20_April,pacific_mart_nz_sales_Insta_Facebook,caraousel_new_stock_video_ads_20_April,120222398482490154,120222398482650154,120222961900550154,"7-day click, 1-day view, or 1-day engaged-view",2025-04-20,2025-06-15,7,5,,4,0.585,,,56,24,13,12,2025-05-29,2025-05-29
2025-05-29,Suits_Salwaar_Always_On_20_April,pacific_mart_nz_sales_Insta_Facebook,video_ad_roshni_voice_all_placement,120222398482490154,120222398482650154,120227008613590154,"7-day click, 1-day view, or 1-day engaged-view",2025-04-20,2025-06-15,19,17,,,,,,123,58,33,21,2025-05-29,2025-05-29
2025-05-29,Suits_Salwaar_new_stock_27th_April,pacific_mart_nz_traffic_feed_only,video_ad_roshni_voice_over,120223368010610154,120223368010620154,120227006132360154,"7-day click or 1-day view",2025-04-22,Ongoing,,,,,,,,,,,,2025-05-29,2025-05-29
2025-05-29,Suits_Salwaar_new_stock_27th_April,pacific_mart_nz_traffic_feed_only,new_stock_traffic_insta_facebook_feed,120223368010610154,120223368010620154,120223368010630154,"7-day click or 1-day view",2025-04-22,Ongoing,28,1,4,6,1.48333333,1,,,,,,2025-05-29,2025-05-29
2025-05-28,Suits_Salwaar_new_stock_27th_April,pacific_mart_nz_traffic_feed_only,video_ad_roshni_voice_over,120223368010610154,120223368010620154,120227006132360154,"7-day click or 1-day view",2025-04-22,Ongoing,,,1,,,,,,,,,2025-05-28,2025-05-28
2025-05-28,Suits_Salwaar_Always_On_20_April,pacific_mart_nz_sales_Insta_Facebook,caraousel_new_stock_video_ads_20_April,120222398482490154,120222398482650154,120222961900550154,"7-day click, 1-day view, or 1-day engaged-view",2025-04-20,2025-06-15,7,7,,2,1.69,,,92,35,20,13,2025-05-28,2025-05-28
2025-05-28,Suits_Salwaar_Always_On_20_April,pacific_mart_nz_sales_Insta_Facebook,video_ad_roshni_voice_all_placement,120222398482490154,120222398482650154,120227008613590154,"7-day click, 1-day view, or 1-day engaged-view",2025-04-20,2025-06-15,9,10,,,,,,93,43,28,18,2025-05-28,2025-05-28
2025-05-28,Suits_Salwaar_new_stock_27th_April,pacific_mart_nz_traffic_feed_only,new_stock_traffic_insta_facebook_feed,120223368010610154,120223368010620154,120223368010630154,"7-day click or 1-day view",2025-04-22,Ongoing,28,1,5,,,,,,,,,2025-05-28,2025-05-28
2025-05-27,Suits_Salwaar_Always_On_20_April,pacific_mart_nz_sales_Insta_Facebook,video_ad_roshni_voice_all_placement,120222398482490154,120222398482650154,120227008613590154,"7-day click, 1-day view, or 1-day engaged-view",2025-04-20,2025-06-15,8,7,,,,,,36,14,9,5,2025-05-27,2025-05-27
2025-05-27,Suits_Salwaar_new_stock_27th_April,pacific_mart_nz_traffic_feed_only,video_ad_roshni_voice_over,120223368010610154,120223368010620154,120227006132360154,"7-day click or 1-day view",2025-04-22,Ongoing,2,,1,,,,,19,9,7,4,2025-05-27,2025-05-27
2025-05-27,Suits_Salwaar_new_stock_27th_April,pacific_mart_nz_traffic_feed_only,new_stock_traffic_insta_facebook_feed,120223368010610154,120223368010620154,120223368010630154,"7-day click or 1-day view",2025-04-22,Ongoing,10,,1,,,,,,,,,2025-05-27,2025-05-27
2025-05-27,Suits_Salwaar_Always_On_20_April,pacific_mart_nz_sales_Insta_Facebook,caraousel_new_stock_video_ads_20_April,120222398482490154,120222398482650154,120222961900550154,"7-day click, 1-day view, or 1-day engaged-view",2025-04-20,2025-06-15,21,25,1,,,,,191,103,59,43,2025-05-27,2025-05-27
2025-05-26,Suits_Salwaar_Always_On_20_April,pacific_mart_nz_sales_Insta_Facebook,video_ad_roshni_voice_all_placement,120222398482490154,120222398482650154,120227008613590154,"7-day click, 1-day view, or 1-day engaged-view",2025-04-20,2025-06-15,23,22,,2,3.775,,,147,61,39,25,2025-05-26,2025-05-26
2025-05-26,Suits_Salwaar_new_stock_27th_April,pacific_mart_nz_traffic_feed_only,video_ad_roshni_voice_over,120223368010610154,120223368010620154,120227006132360154,"7-day click or 1-day view",2025-04-22,Ongoing,10,1,4,1,8.07,1,,124,56,35,26,2025-05-26,2025-05-26
2025-05-26,Suits_Salwaar_new_stock_27th_April,pacific_mart_nz_traffic_feed_only,new_stock_traffic_insta_facebook_feed,120223368010610154,120223368010620154,120223368010630154,"7-day click or 1-day view",2025-04-22,Ongoing,10,,1,,,,,,,,,2025-05-26,2025-05-26
2025-05-26,Suits_Salwaar_Always_On_20_April,pacific_mart_nz_sales_Insta_Facebook,caraousel_new_stock_video_ads_20_April,120222398482490154,120222398482650154,120222961900550154,"7-day click, 1-day view, or 1-day engaged-view",2025-04-20,2025-06-15,,,,,,,,,,,,2025-05-26,2025-05-26
2025-05-25,Suits_Salwaar_Always_On_20_April,pacific_mart_nz_sales_Insta_Facebook,video_ad_roshni_voice_all_placement,120222398482490154,120222398482650154,120227008613590154,"7-day click, 1-day view, or 1-day engaged-view",2025-04-20,2025-06-15,32,29,,2,4.075,,,217,88,53,33,2025-05-25,2025-05-25
2025-05-25,Suits_Salwaar_new_stock_27th_April,pacific_mart_nz_traffic_feed_only,video_ad_roshni_voice_over,120223368010610154,120223368010620154,120227006132360154,"7-day click or 1-day view",2025-04-22,Ongoing,9,3,2,,,,,164,85,57,34,2025-05-25,2025-05-25
2025-05-25,Suits_Salwaar_Always_On_20_April,pacific_mart_nz_sales_Insta_Facebook,caraousel_new_stock_video_ads_20_April,120222398482490154,120222398482650154,120222961900550154,"7-day click, 1-day view, or 1-day engaged-view",2025-04-20,2025-06-15,,,,,,,,1,1,,,2025-05-25,2025-05-25
2025-05-24,Suits_Salwaar_Always_On_20_April,pacific_mart_nz_sales_Insta_Facebook,caraousel_new_stock_video_ads_20_April,120222398482490154,120222398482650154,120222961900550154,"7-day click, 1-day view, or 1-day engaged-view",2025-04-20,2025-06-15,,,,,,,,2,1,,,2025-05-24,2025-05-24
2025-05-24,Suits_Salwaar_Always_On_20_April,pacific_mart_nz_sales_Insta_Facebook,video_ad_roshni_voice_all_placement,120222398482490154,120222398482650154,120227008613590154,"7-day click, 1-day view, or 1-day engaged-view",2025-04-20,2025-06-15,43,40,,,,,,190,94,65,35,2025-05-24,2025-05-24
2025-05-24,Suits_Salwaar_new_stock_27th_April,pacific_mart_nz_traffic_feed_only,video_ad_roshni_voice_over,120223368010610154,120223368010620154,120227006132360154,"7-day click or 1-day view",2025-04-22,Ongoing,19,,3,,,,,171,88,60,39,2025-05-24,2025-05-24
2025-05-23,Suits_Salwaar_new_stock_27th_April,pacific_mart_nz_traffic_feed_only,video_ad_roshni_voice_over,120223368010610154,120223368010620154,120227006132360154,"7-day click or 1-day view",2025-04-22,Ongoing,7,2,3,,,,,51,28,20,13,2025-05-23,2025-05-23
2025-05-23,Suits_Salwaar_Always_On_20_April,pacific_mart_nz_sales_Insta_Facebook,caraousel_new_stock_video_ads_20_April,120222398482490154,120222398482650154,120222961900550154,"7-day click, 1-day view, or 1-day engaged-view",2025-04-20,2025-06-15,,,,,,,,12,7,4,4,2025-05-23,2025-05-23
2025-05-23,Suits_Salwaar_Always_On_20_April,pacific_mart_nz_sales_Insta_Facebook,video_ad_roshni_voice_all_placement,120222398482490154,120222398482650154,120227008613590154,"7-day click, 1-day view, or 1-day engaged-view",2025-04-20,2025-06-15,5,5,,,,,,42,24,16,8,2025-05-23,2025-05-23
2025-05-23,Suits_Salwaar_new_stock_27th_April,pacific_mart_nz_traffic_feed_only,new_stock_traffic_insta_facebook_feed,120223368010610154,120223368010620154,120223368010630154,"7-day click or 1-day view",2025-04-22,Ongoing,3,1,1,,,,,,,,,2025-05-23,2025-05-23
2025-05-22,Suits_Salwaar_Always_On_20_April,pacific_mart_nz_sales_Insta_Facebook,video_ad_roshni_voice_all_placement,120222398482490154,120222398482650154,120227008613590154,"7-day click, 1-day view, or 1-day engaged-view",2025-04-20,2025-06-15,12,13,,2,1.355,2,,93,44,27,18,2025-05-22,2025-05-22
2025-05-22,Suits_Salwaar_new_stock_27th_April,pacific_mart_nz_traffic_feed_only,video_ad_roshni_voice_over,120223368010610154,120223368010620154,120227006132360154,"7-day click or 1-day view",2025-04-22,Ongoing,3,,1,,,,,56,35,22,14,2025-05-22,2025-05-22
2025-05-22,Suits_Salwaar_Always_On_20_April,pacific_mart_nz_sales_Insta_Facebook,Boutique_story_ad,120222398482490154,120222398482650154,120226905189500154,"7-day click, 1-day view, or 1-day engaged-view",2025-04-20,2025-06-15,16,17,,3,0.76,2,,33,14,10,7,2025-05-22,2025-05-22
2025-05-22,Suits_Salwaar_new_stock_27th_April,pacific_mart_nz_traffic_feed_only,new_stock_traffic_insta_facebook_feed,120223368010610154,120223368010620154,120223368010630154,"7-day click or 1-day view",2025-04-22,Ongoing,17,1,5,,,,1,,,,,2025-05-22,2025-05-22
2025-05-22,Suits_Salwaar_Always_On_20_April,pacific_mart_nz_sales_Insta_Facebook,caraousel_new_stock_video_ads_20_April,120222398482490154,120222398482650154,120222961900550154,"7-day click, 1-day view, or 1-day engaged-view",2025-04-20,2025-06-15,3,3,,,,,,39,18,13,9,2025-05-22,2025-05-22
2025-05-22,Suits_Salwaar_Always_On_20_April,pacific_mart_nz_sales_Insta_Facebook,caraousel_old_stock_products_20_April,120222398482490154,120222398482650154,120222398482800154,"7-day click, 1-day view, or 1-day engaged-view",2025-04-20,2025-06-15,,,,,,,,,,,,2025-05-22,2025-05-22
2025-05-21,Suits_Salwaar_Always_On_20_April,pacific_mart_nz_sales_Insta_Facebook,Boutique_story_ad,120222398482490154,120222398482650154,120226905189500154,"7-day click, 1-day view, or 1-day engaged-view",2025-04-20,2025-06-15,39,39,,1,5.73,,,108,58,26,18,2025-05-21,2025-05-21
2025-05-21,Suits_Salwaar_new_stock_27th_April,pacific_mart_nz_traffic_feed_only,new_stock_traffic_insta_facebook_feed,120223368010610154,120223368010620154,120223368010630154,"7-day click or 1-day view",2025-04-22,Ongoing,22,,3,,,,1,,,,,2025-05-21,2025-05-21
2025-05-21,Suits_Salwaar_Always_On_20_April,pacific_mart_nz_sales_Insta_Facebook,caraousel_old_stock_products_20_April,120222398482490154,120222398482650154,120222398482800154,"7-day click, 1-day view, or 1-day engaged-view",2025-04-20,2025-06-15,12,12,,,,,,1,,,,2025-05-21,2025-05-21
2025-05-20,Suits_Salwaar_new_stock_27th_April,pacific_mart_nz_traffic_feed_only,new_stock_traffic_insta_facebook_feed,120223368010610154,120223368010620154,120223368010630154,"7-day click or 1-day view",2025-04-22,Ongoing,21,1,3,,,,,,,,,2025-05-20,2025-05-20
2025-05-20,Suits_Salwaar_Always_On_20_April,pacific_mart_nz_sales_Insta_Facebook,caraousel_new_stock_video_ads_20_April,120222398482490154,120222398482650154,120222961900550154,"7-day click, 1-day view, or 1-day engaged-view",2025-04-20,2025-06-15,12,12,,,,,,90,39,18,16,2025-05-20,2025-05-20
2025-05-20,Suits_Salwaar_Always_On_20_April,pacific_mart_nz_sales_Insta_Facebook,caraousel_old_stock_products_20_April,120222398482490154,120222398482650154,120222398482800154,"7-day click, 1-day view, or 1-day engaged-view",2025-04-20,2025-06-15,20,17,,,,,,2,2,2,1,2025-05-20,2025-05-20
2025-05-19,Suits_Salwaar_Always_On_20_April,pacific_mart_nz_sales_Insta_Facebook,caraousel_new_stock_video_ads_20_April,120222398482490154,120222398482650154,120222961900550154,"7-day click, 1-day view, or 1-day engaged-view",2025-04-20,2025-06-15,32,29,,4,2.26,,,279,136,87,58,2025-05-19,2025-05-19
2025-05-19,Suits_Salwaar_Always_On_20_April,pacific_mart_nz_sales_Insta_Facebook,caraousel_old_stock_products_20_April,120222398482490154,120222398482650154,120222398482800154,"7-day click, 1-day view, or 1-day engaged-view",2025-04-20,2025-06-15,1,,,,,,,,,,,2025-05-19,2025-05-19
2025-05-19,Suits_Salwaar_new_stock_27th_April,pacific_mart_nz_traffic_feed_only,new_stock_traffic_insta_facebook_feed,120223368010610154,120223368010620154,120223368010630154,"7-day click or 1-day view",2025-04-22,Ongoing,15,2,4,,,,,,,,,2025-05-19,2025-05-19
2025-05-18,Suits_Salwaar_new_stock_27th_April,pacific_mart_nz_traffic_feed_only,new_stock_traffic_insta_facebook_feed,120223368010610154,120223368010620154,120223368010630154,"7-day click or 1-day view",2025-04-22,Ongoing,49,3,7,,,,,,,,,2025-05-18,2025-05-18
2025-05-18,Suits_Salwaar_Always_On_20_April,pacific_mart_nz_sales_Insta_Facebook,caraousel_new_stock_video_ads_20_April,120222398482490154,120222398482650154,120222961900550154,"7-day click, 1-day view, or 1-day engaged-view",2025-04-20,2025-06-15,22,18,,2,3.72,,,225,104,62,38,2025-05-18,2025-05-18
2025-05-18,Suits_Salwaar_Always_On_20_April,pacific_mart_nz_sales_Insta_Facebook,caraousel_old_stock_products_20_April,120222398482490154,120222398482650154,120222398482800154,"7-day click, 1-day view, or 1-day engaged-view",2025-04-20,2025-06-15,,,,,,,,,,,,2025-05-18,2025-05-18
2025-05-17,Suits_Salwaar_Always_On_20_April,pacific_mart_nz_sales_Insta_Facebook,mothers_day_special_caraousel_new_stock_video_ads_20_April,120222398482490154,120222398482650154,120223381872460154,"7-day click, 1-day view, or 1-day engaged-view",2025-04-20,2025-06-15,2,1,,,,,,14,4,2,2,2025-05-17,2025-05-17
2025-05-17,Suits_Salwaar_new_stock_27th_April,pacific_mart_nz_traffic_feed_only,new_stock_traffic_insta_facebook_feed,120223368010610154,120223368010620154,120223368010630154,"7-day click or 1-day view",2025-04-22,Ongoing,25,,3,,,,,,,,,2025-05-17,2025-05-17
2025-05-17,Suits_Salwaar_Always_On_20_April,pacific_mart_nz_sales_Insta_Facebook,caraousel_new_stock_video_ads_20_April,120222398482490154,120222398482650154,120222961900550154,"7-day click, 1-day view, or 1-day engaged-view",2025-04-20,2025-06-15,8,8,,,,,,125,55,36,22,2025-05-17,2025-05-17
2025-05-17,Suits_Salwaar_Always_On_20_April,pacific_mart_nz_sales_Insta_Facebook,caraousel_old_stock_products_20_April,120222398482490154,120222398482650154,120222398482800154,"7-day click, 1-day view, or 1-day engaged-view",2025-04-20,2025-06-15,7,7,,,,,,1,,,,2025-05-17,2025-05-17
2025-05-16,Suits_Salwaar_Always_On_20_April,pacific_mart_nz_sales_Insta_Facebook,caraousel_old_stock_products_20_April,120222398482490154,120222398482650154,120222398482800154,"7-day click, 1-day view, or 1-day engaged-view",2025-04-20,2025-06-15,1,1,,,,,,,,,,2025-05-16,2025-05-16
2025-05-16,Suits_Salwaar_Always_On_20_April,pacific_mart_nz_sales_Insta_Facebook,mothers_day_special_caraousel_new_stock_video_ads_20_April,120222398482490154,120222398482650154,120223381872460154,"7-day click, 1-day view, or 1-day engaged-view",2025-04-20,2025-06-15,24,29,,,,,,202,95,54,42,2025-05-16,2025-05-16
2025-05-16,Suits_Salwaar_new_stock_27th_April,pacific_mart_nz_traffic_feed_only,new_stock_traffic_insta_facebook_feed,120223368010610154,120223368010620154,120223368010630154,"7-day click or 1-day view",2025-04-22,Ongoing,29,1,5,,,,,,,,,2025-05-16,2025-05-16
2025-05-15,Suits_Salwaar_Always_On_20_April,pacific_mart_nz_sales_Insta_Facebook,mothers_day_special_caraousel_new_stock_video_ads_20_April,120222398482490154,120222398482650154,120223381872460154,"7-day click, 1-day view, or 1-day engaged-view",2025-04-20,2025-06-15,17,16,,,,,,190,80,46,31,2025-05-15,2025-05-15
2025-05-15,Suits_Salwaar_new_stock_27th_April,pacific_mart_nz_traffic_feed_only,new_stock_traffic_insta_facebook_feed,120223368010610154,120223368010620154,120223368010630154,"7-day click or 1-day view",2025-04-22,Ongoing,26,1,4,,,,,,,,,2025-05-15,2025-05-15
2025-05-15,Suits_Salwaar_Always_On_20_April,pacific_mart_nz_sales_Insta_Facebook,caraousel_old_stock_products_20_April,120222398482490154,120222398482650154,120222398482800154,"7-day click, 1-day view, or 1-day engaged-view",2025-04-20,2025-06-15,3,1,,,,,,,,,,2025-05-15,2025-05-15
2025-05-14,Suits_Salwaar_Always_On_20_April,pacific_mart_nz_sales_Insta_Facebook,mothers_day_special_caraousel_new_stock_video_ads_20_April,120222398482490154,120222398482650154,120223381872460154,"7-day click, 1-day view, or 1-day engaged-view",2025-04-20,2025-06-15,17,18,1,,,,,208,86,48,30,2025-05-14,2025-05-14
2025-05-14,Suits_Salwaar_new_stock_27th_April,pacific_mart_nz_traffic_feed_only,new_stock_traffic_insta_facebook_feed,120223368010610154,120223368010620154,120223368010630154,"7-day click or 1-day view",2025-04-22,Ongoing,24,1,5,,,,,,,,,2025-05-14,2025-05-14
2025-05-14,Suits_Salwaar_Always_On_20_April,pacific_mart_nz_sales_Insta_Facebook,caraousel_old_stock_products_20_April,120222398482490154,120222398482650154,120222398482800154,"7-day click, 1-day view, or 1-day engaged-view",2025-04-20,2025-06-15,,,,,,,,,,,,2025-05-14,2025-05-14
2025-05-13,Suits_Salwaar_new_stock_27th_April,pacific_mart_nz_traffic_feed_only,new_stock_traffic_insta_facebook_feed,120223368010610154,120223368010620154,120223368010630154,"7-day click or 1-day view",2025-04-22,Ongoing,19,1,5,,,,,,,,,2025-05-13,2025-05-13
2025-05-13,Suits_Salwaar_Always_On_20_April,pacific_mart_nz_sales_Insta_Facebook,caraousel_old_stock_products_20_April,120222398482490154,120222398482650154,120222398482800154,"7-day click, 1-day view, or 1-day engaged-view",2025-04-20,2025-06-15,9,8,,,,,,,,,,2025-05-13,2025-05-13
2025-05-13,Suits_Salwaar_Always_On_20_April,pacific_mart_nz_sales_Insta_Facebook,mothers_day_special_caraousel_new_stock_video_ads_20_April,120222398482490154,120222398482650154,120223381872460154,"7-day click, 1-day view, or 1-day engaged-view",2025-04-20,2025-06-15,44,43,1,1,7.16,,,209,99,67,50,2025-05-13,2025-05-13
2025-05-12,Suits_Salwaar_Always_On_20_April,pacific_mart_nz_sales_Insta_Facebook,caraousel_old_stock_products_20_April,120222398482490154,120222398482650154,120222398482800154,"7-day click, 1-day view, or 1-day engaged-view",2025-04-20,2025-06-15,3,2,,,,,,2,2,,,2025-05-12,2025-05-12
2025-05-12,Suits_Salwaar_new_stock_27th_April,pacific_mart_nz_traffic_feed_only,new_stock_traffic_insta_facebook_feed,120223368010610154,120223368010620154,120223368010630154,"7-day click or 1-day view",2025-04-22,Ongoing,22,1,5,,,,,,,,,2025-05-12,2025-05-12
2025-05-12,Suits_Salwaar_Always_On_20_April,pacific_mart_nz_sales_Insta_Facebook,mothers_day_special_caraousel_new_stock_video_ads_20_April,120222398482490154,120222398482650154,120223381872460154,"7-day click, 1-day view, or 1-day engaged-view",2025-04-20,2025-06-15,28,26,1,2,3.49,,,255,97,57,32,2025-05-12,2025-05-12
2025-05-11,Suits_Salwaar_Always_On_20_April,pacific_mart_nz_sales_Insta_Facebook,mothers_day_special_caraousel_new_stock_video_ads_20_April,120222398482490154,120222398482650154,120223381872460154,"7-day click, 1-day view, or 1-day engaged-view",2025-04-20,2025-06-15,40,44,,,,,,243,105,63,44,2025-05-11,2025-05-11
2025-05-11,Suits_Salwaar_new_stock_27th_April,pacific_mart_nz_traffic_feed_only,new_stock_traffic_insta_facebook_feed,120223368010610154,120223368010620154,120223368010630154,"7-day click or 1-day view",2025-04-22,Ongoing,27,,5,,,,,,,,,2025-05-11,2025-05-11
2025-05-11,Suits_Salwaar_Always_On_20_April,pacific_mart_nz_sales_Insta_Facebook,caraousel_old_stock_products_20_April,120222398482490154,120222398482650154,120222398482800154,"7-day click, 1-day view, or 1-day engaged-view",2025-04-20,2025-06-15,4,4,,1,1.04,,,,,,,2025-05-11,2025-05-11
2025-05-10,Suits_Salwaar_Always_On_20_April,pacific_mart_nz_sales_Insta_Facebook,mothers_day_special_caraousel_new_stock_video_ads_20_April,120222398482490154,120222398482650154,120223381872460154,"7-day click, 1-day view, or 1-day engaged-view",2025-04-20,2025-06-15,31,23,,,,,,279,138,84,60,2025-05-10,2025-05-10
2025-05-10,Suits_Salwaar_new_stock_27th_April,pacific_mart_nz_traffic_feed_only,new_stock_traffic_insta_facebook_feed,120223368010610154,120223368010620154,120223368010630154,"7-day click or 1-day view",2025-04-22,Ongoing,18,1,3,,,,,,,,,2025-05-10,2025-05-10
2025-05-10,Suits_Salwaar_Always_On_20_April,pacific_mart_nz_sales_Insta_Facebook,caraousel_old_stock_products_20_April,120222398482490154,120222398482650154,120222398482800154,"7-day click, 1-day view, or 1-day engaged-view",2025-04-20,2025-06-15,,,,,,,,,,,,2025-05-10,2025-05-10
2025-05-09,Suits_Salwaar_Always_On_20_April,pacific_mart_nz_sales_Insta_Facebook,caraousel_old_stock_products_20_April,120222398482490154,120222398482650154,120222398482800154,"7-day click, 1-day view, or 1-day engaged-view",2025-04-20,2025-06-15,2,2,,,,,,1,,,,2025-05-09,2025-05-09
2025-05-09,Suits_Salwaar_Always_On_20_April,pacific_mart_nz_sales_Insta_Facebook,mothers_day_special_caraousel_new_stock_video_ads_20_April,120222398482490154,120222398482650154,120223381872460154,"7-day click, 1-day view, or 1-day engaged-view",2025-04-20,2025-06-15,27,27,,7,1.06571429,1,,237,104,69,51,2025-05-09,2025-05-09
2025-05-09,Suits_Salwaar_new_stock_27th_April,pacific_mart_nz_traffic_feed_only,new_stock_traffic_insta_facebook_feed,120223368010610154,120223368010620154,120223368010630154,"7-day click or 1-day view",2025-04-22,Ongoing,20,2,4,,,,,,,,,2025-05-09,2025-05-09
2025-05-08,Suits_Salwaar_Always_On_20_April,pacific_mart_nz_sales_Insta_Facebook,mothers_day_special_caraousel_new_stock_video_ads_20_April,120222398482490154,120222398482650154,120223381872460154,"7-day click, 1-day view, or 1-day engaged-view",2025-04-20,2025-06-15,12,15,,,,,,172,67,44,28,2025-05-08,2025-05-08
2025-05-08,Suits_Salwaar_new_stock_27th_April,pacific_mart_nz_traffic_feed_only,new_stock_traffic_insta_facebook_feed,120223368010610154,120223368010620154,120223368010630154,"7-day click or 1-day view",2025-04-22,Ongoing,23,,6,,,,,,,,,2025-05-08,2025-05-08
2025-05-08,Suits_Salwaar_Always_On_20_April,pacific_mart_nz_sales_Insta_Facebook,caraousel_old_stock_products_20_April,120222398482490154,120222398482650154,120222398482800154,"7-day click, 1-day view, or 1-day engaged-view",2025-04-20,2025-06-15,1,,,,,,,1,,,,2025-05-08,2025-05-08
2025-05-07,Suits_Salwaar_Always_On_20_April,pacific_mart_nz_sales_Insta_Facebook,mothers_day_special_caraousel_new_stock_video_ads_20_April,120222398482490154,120222398482650154,120223381872460154,"7-day click, 1-day view, or 1-day engaged-view",2025-04-20,2025-06-15,42,39,,,,,,222,98,60,45,2025-05-07,2025-05-07
2025-05-07,Suits_Salwaar_new_stock_27th_April,pacific_mart_nz_traffic_feed_only,new_stock_traffic_insta_facebook_feed,120223368010610154,120223368010620154,120223368010630154,"7-day click or 1-day view",2025-04-22,Ongoing,25,,1,,,,1,,,,,2025-05-07,2025-05-07
2025-05-07,Suits_Salwaar_Always_On_20_April,pacific_mart_nz_sales_Insta_Facebook,caraousel_old_stock_products_20_April,120222398482490154,120222398482650154,120222398482800154,"7-day click, 1-day view, or 1-day engaged-view",2025-04-20,2025-06-15,,,,,,,,1,,,,2025-05-07,2025-05-07
2025-05-06,Suits_Salwaar_Always_On_20_April,pacific_mart_nz_sales_Insta_Facebook,caraousel_old_stock_products_20_April,120222398482490154,120222398482650154,120222398482800154,"7-day click, 1-day view, or 1-day engaged-view",2025-04-20,2025-06-15,,,,,,,,,,,,2025-05-06,2025-05-06
2025-05-06,Suits_Salwaar_Always_On_20_April,pacific_mart_nz_sales_Insta_Facebook,mothers_day_special_caraousel_new_stock_video_ads_20_April,120222398482490154,120222398482650154,120223381872460154,"7-day click, 1-day view, or 1-day engaged-view",2025-04-20,2025-06-15,27,29,1,1,7.95,1,,257,124,71,44,2025-05-06,2025-05-06
2025-05-06,Suits_Salwaar_new_stock_27th_April,pacific_mart_nz_traffic_feed_only,new_stock_traffic_insta_facebook_feed,120223368010610154,120223368010620154,120223368010630154,"7-day click or 1-day view",2025-04-22,Ongoing,34,2,6,,,,,,,,,2025-05-06,2025-05-06
2025-05-05,Suits_Salwaar_Always_On_20_April,pacific_mart_nz_sales_Insta_Facebook,mothers_day_special_caraousel_new_stock_video_ads_20_April,120222398482490154,120222398482650154,120223381872460154,"7-day click, 1-day view, or 1-day engaged-view",2025-04-20,2025-06-15,31,29,,,,1,,250,120,78,51,2025-05-05,2025-05-05
2025-05-05,Suits_Salwaar_new_stock_27th_April,pacific_mart_nz_traffic_feed_only,new_stock_traffic_insta_facebook_feed,120223368010610154,120223368010620154,120223368010630154,"7-day click or 1-day view",2025-04-22,Ongoing,17,1,1,,,,,,,,,2025-05-05,2025-05-05
2025-05-05,Suits_Salwaar_Always_On_20_April,pacific_mart_nz_sales_Insta_Facebook,caraousel_old_stock_products_20_April,120222398482490154,120222398482650154,120222398482800154,"7-day click, 1-day view, or 1-day engaged-view",2025-04-20,2025-06-15,,,,,,,,,,,,2025-05-05,2025-05-05
2025-05-04,Suits_Salwaar_Always_On_20_April,pacific_mart_nz_sales_Insta_Facebook,mothers_day_special_caraousel_new_stock_video_ads_20_April,120222398482490154,120222398482650154,120223381872460154,"7-day click, 1-day view, or 1-day engaged-view",2025-04-20,2025-06-15,39,38,,,,,,266,121,70,48,2025-05-04,2025-05-04
2025-05-04,Suits_Salwaar_new_stock_27th_April,pacific_mart_nz_traffic_feed_only,new_stock_traffic_insta_facebook_feed,120223368010610154,120223368010620154,120223368010630154,"7-day click or 1-day view",2025-04-22,Ongoing,21,1,3,,,,,,,,,2025-05-04,2025-05-04
2025-05-04,Suits_Salwaar_Always_On_20_April,pacific_mart_nz_sales_Insta_Facebook,caraousel_old_stock_products_20_April,120222398482490154,120222398482650154,120222398482800154,"7-day click, 1-day view, or 1-day engaged-view",2025-04-20,2025-06-15,,,,,,,,,,,,2025-05-04,2025-05-04
2025-05-03,Suits_Salwaar_Always_On_20_April,pacific_mart_nz_sales_Insta_Facebook,caraousel_old_stock_products_20_April,120222398482490154,120222398482650154,120222398482800154,"7-day click, 1-day view, or 1-day engaged-view",2025-04-20,2025-06-15,7,7,,,,,,1,1,1,1,2025-05-03,2025-05-03
2025-05-03,Suits_Salwaar_Always_On_20_April,pacific_mart_nz_sales_Insta_Facebook,mothers_day_special_caraousel_new_stock_video_ads_20_April,120222398482490154,120222398482650154,120223381872460154,"7-day click, 1-day view, or 1-day engaged-view",2025-04-20,2025-06-15,42,37,1,2,3.51,1,,212,93,58,45,2025-05-03,2025-05-03
2025-05-03,Suits_Salwaar_new_stock_27th_April,pacific_mart_nz_traffic_feed_only,new_stock_traffic_insta_facebook_feed,120223368010610154,120223368010620154,120223368010630154,"7-day click or 1-day view",2025-04-22,Ongoing,32,1,5,,,,,,,,,2025-05-03,2025-05-03
2025-05-02,Suits_Salwaar_Always_On_20_April,pacific_mart_nz_sales_Insta_Facebook,mothers_day_special_caraousel_new_stock_video_ads_20_April,120222398482490154,120222398482650154,120223381872460154,"7-day click, 1-day view, or 1-day engaged-view",2025-04-20,2025-06-15,28,24,1,,,,,196,91,52,37,2025-05-02,2025-05-02
2025-05-02,Suits_Salwaar_new_stock_27th_April,pacific_mart_nz_traffic_feed_only,new_stock_traffic_insta_facebook_feed,120223368010610154,120223368010620154,120223368010630154,"7-day click or 1-day view",2025-04-22,Ongoing,24,,3,,,,,,,,,2025-05-02,2025-05-02
2025-05-02,Suits_Salwaar_Always_On_20_April,pacific_mart_nz_sales_Insta_Facebook,caraousel_old_stock_products_20_April,120222398482490154,120222398482650154,120222398482800154,"7-day click, 1-day view, or 1-day engaged-view",2025-04-20,2025-06-15,12,12,,,,,,1,1,1,1,2025-05-02,2025-05-02
2025-05-01,Suits_Salwaar_Always_On_20_April,pacific_mart_nz_sales_Insta_Facebook,mothers_day_special_caraousel_new_stock_video_ads_20_April,120222398482490154,120222398482650154,120223381872460154,"7-day click, 1-day view, or 1-day engaged-view",2025-04-20,2025-06-15,33,31,,,,,,267,141,98,63,2025-05-01,2025-05-01
2025-05-01,Suits_Salwaar_new_stock_27th_April,pacific_mart_nz_traffic_feed_only,new_stock_traffic_insta_facebook_feed,120223368010610154,120223368010620154,120223368010630154,"7-day click or 1-day view",2025-04-22,Ongoing,43,,3,,,,,,,,,2025-05-01,2025-05-01
2025-05-01,Suits_Salwaar_Always_On_20_April,pacific_mart_nz_sales_Insta_Facebook,caraousel_old_stock_products_20_April,120222398482490154,120222398482650154,120222398482800154,"7-day click, 1-day view, or 1-day engaged-view",2025-04-20,2025-06-15,,,,,,,,,,,,2025-05-01,2025-05-01
2025-04-30,Suits_Salwaar_Always_On_20_April,pacific_mart_nz_sales_Insta_Facebook,caraousel_old_stock_products_20_April,120222398482490154,120222398482650154,120222398482800154,"7-day click, 1-day view, or 1-day engaged-view",2025-04-20,2025-06-15,,,,,,,,,,,,2025-04-30,2025-04-30
2025-04-30,Suits_Salwaar_Always_On_20_April,pacific_mart_nz_sales_Insta_Facebook,mothers_day_special_caraousel_new_stock_video_ads_20_April,120222398482490154,120222398482650154,120223381872460154,"7-day click, 1-day view, or 1-day engaged-view",2025-04-20,2025-06-15,37,28,,5,1.436,1,,220,107,69,45,2025-04-30,2025-04-30
2025-04-30,Suits_Salwaar_new_stock_27th_April,pacific_mart_nz_traffic_feed_only,new_stock_traffic_insta_facebook_feed,120223368010610154,120223368010620154,120223368010630154,"7-day click or 1-day view",2025-04-22,Ongoing,44,1,6,,,,,,,,,2025-04-30,2025-04-30
2025-04-29,Suits_Salwaar_Always_On_20_April,pacific_mart_nz_sales_Insta_Facebook,mothers_day_special_caraousel_new_stock_video_ads_20_April,120222398482490154,120222398482650154,120223381872460154,"7-day click, 1-day view, or 1-day engaged-view",2025-04-20,2025-06-15,47,32,,,,,,248,133,89,63,2025-04-29,2025-04-29
2025-04-29,Suits_Salwaar_new_stock_27th_April,pacific_mart_nz_traffic_feed_only,new_stock_traffic_insta_facebook_feed,120223368010610154,120223368010620154,120223368010630154,"7-day click or 1-day view",2025-04-22,Ongoing,29,1,6,,,,,,,,,2025-04-29,2025-04-29
2025-04-29,Suits_Salwaar_Always_On_20_April,pacific_mart_nz_sales_Insta_Facebook,caraousel_old_stock_products_20_April,120222398482490154,120222398482650154,120222398482800154,"7-day click, 1-day view, or 1-day engaged-view",2025-04-20,2025-06-15,1,1,,,,3,1,1,1,,,2025-04-29,2025-04-29
2025-04-28,Suits_Salwaar_Always_On_20_April,pacific_mart_nz_sales_Insta_Facebook,mothers_day_special_caraousel_new_stock_video_ads_20_April,120222398482490154,120222398482650154,120223381872460154,"7-day click, 1-day view, or 1-day engaged-view",2025-04-20,2025-06-15,14,13,,,,,,134,63,38,29,2025-04-28,2025-04-28
2025-04-28,Suits_Salwaar_new_stock_27th_April,pacific_mart_nz_traffic_feed_only,new_stock_traffic_insta_facebook_feed,120223368010610154,120223368010620154,120223368010630154,"7-day click or 1-day view",2025-04-22,Ongoing,42,,6,,,,,,,,,2025-04-28,2025-04-28
2025-04-28,Suits_Salwaar_Always_On_20_April,pacific_mart_nz_sales_Insta_Facebook,caraousel_old_stock_products_20_April,120222398482490154,120222398482650154,120222398482800154,"7-day click, 1-day view, or 1-day engaged-view",2025-04-20,2025-06-15,15,13,,,,,,1,,,,2025-04-28,2025-04-28
2025-04-27,Suits_Salwaar_Always_On_20_April,pacific_mart_nz_sales_Insta_Facebook,caraousel_old_stock_products_20_April,120222398482490154,120222398482650154,120222398482800154,"7-day click, 1-day view, or 1-day engaged-view",2025-04-20,2025-06-15,28,24,,3,1.25333333,1,,1,1,,,2025-04-27,2025-04-27
2025-04-27,Suits_Salwaar_new_stock_27th_April,pacific_mart_nz_traffic_feed_only,new_stock_traffic_insta_facebook_feed,120223368010610154,120223368010620154,120223368010630154,"7-day click or 1-day view",2025-04-22,Ongoing,26,1,4,,,,,,,,,2025-04-27,2025-04-27
2025-04-27,Suits_Salwaar_Always_On_20_April,pacific_mart_nz_sales_Insta_Facebook,mothers_day_special_caraousel_new_stock_video_ads_20_April,120222398482490154,120222398482650154,120223381872460154,"7-day click, 1-day view, or 1-day engaged-view",2025-04-20,2025-06-15,14,14,,,,,,126,53,35,20,2025-04-27,2025-04-27
2025-04-26,Suits_Salwaar_Always_On_20_April,pacific_mart_nz_sales_Insta_Facebook,mothers_day_special_caraousel_new_stock_video_ads_20_April,120222398482490154,120222398482650154,120223381872460154,"7-day click, 1-day view, or 1-day engaged-view",2025-04-20,2025-06-15,20,21,,2,3.09,1,,184,82,48,33,2025-04-26,2025-04-26
2025-04-26,Suits_Salwaar_new_stock_27th_April,pacific_mart_nz_traffic_feed_only,new_stock_traffic_insta_facebook_feed,120223368010610154,120223368010620154,120223368010630154,"7-day click or 1-day view",2025-04-22,Ongoing,11,,3,,,,,,,,,2025-04-26,2025-04-26
2025-04-26,Suits_Salwaar_Always_On_20_April,pacific_mart_nz_sales_Insta_Facebook,caraousel_old_stock_products_20_April,120222398482490154,120222398482650154,120222398482800154,"7-day click, 1-day view, or 1-day engaged-view",2025-04-20,2025-06-15,7,6,1,,,,,4,3,3,2,2025-04-26,2025-04-26
2025-04-25,Suits_Salwaar_Always_On_20_April,pacific_mart_nz_sales_Insta_Facebook,mothers_day_special_caraousel_new_stock_video_ads_20_April,120222398482490154,120222398482650154,120223381872460154,"7-day click, 1-day view, or 1-day engaged-view",2025-04-20,2025-06-15,32,31,,1,7.76,,,259,123,72,58,2025-04-25,2025-04-25
2025-04-25,Suits_Salwaar_new_stock_27th_April,pacific_mart_nz_traffic_feed_only,new_stock_traffic_insta_facebook_feed,120223368010610154,120223368010620154,120223368010630154,"7-day click or 1-day view",2025-04-22,Ongoing,21,2,4,,,,,,,,,2025-04-25,2025-04-25
2025-04-25,Suits_Salwaar_Always_On_20_April,pacific_mart_nz_sales_Insta_Facebook,caraousel_old_stock_products_20_April,120222398482490154,120222398482650154,120222398482800154,"7-day click, 1-day view, or 1-day engaged-view",2025-04-20,2025-06-15,2,2,,,,,,,,,,2025-04-25,2025-04-25
2025-04-24,"Store Location Awareness Campaign",In_Store_Studio_Trial,"In store studio ads",120222208709130154,120222208709140154,120222208709150154,"7-day click or 1-day view",2025-04-20,2025-06-20,,,,,,,,1,,,,2025-04-24,2025-04-24
2025-04-24,Suits_Salwaar_Always_On_20_April,pacific_mart_nz_sales_Insta_Facebook,caraousel_old_stock_products_20_April,120222398482490154,120222398482650154,120222398482800154,"7-day click, 1-day view, or 1-day engaged-view",2025-04-20,2025-06-15,7,8,,,,,,3,1,1,,2025-04-24,2025-04-24
2025-04-24,Suits_Salwaar_Always_On_20_April,pacific_mart_nz_sales_Insta_Facebook,mothers_day_special_caraousel_new_stock_video_ads_20_April,120222398482490154,120222398482650154,120223381872460154,"7-day click, 1-day view, or 1-day engaged-view",2025-04-20,2025-06-15,32,28,,,,,,152,71,50,36,2025-04-24,2025-04-24
2025-04-24,Suits_Salwaar_new_stock_27th_April,pacific_mart_nz_traffic_feed_only,new_stock_traffic_insta_facebook_feed,120223368010610154,120223368010620154,120223368010630154,"7-day click or 1-day view",2025-04-22,Ongoing,24,1,6,,,,,,,,,2025-04-24,2025-04-24
2025-04-23,Suits_Salwaar_Always_On_20_April,pacific_mart_nz_sales_Insta_Facebook,mothers_day_special_caraousel_new_stock_video_ads_20_April,120222398482490154,120222398482650154,120223381872460154,"7-day click, 1-day view, or 1-day engaged-view",2025-04-20,2025-06-15,12,13,,,,,,94,48,36,28,2025-04-23,2025-04-23
2025-04-23,Suits_Salwaar_new_stock_27th_April,pacific_mart_nz_traffic_feed_only,new_stock_traffic_insta_facebook_feed,120223368010610154,120223368010620154,120223368010630154,"7-day click or 1-day view",2025-04-22,Ongoing,41,,12,,,,,,,,,2025-04-23,2025-04-23
2025-04-23,Suits_Salwaar_Always_On_20_April,pacific_mart_nz_sales_Insta_Facebook,caraousel_new_stock_video_ads_20_April,120222398482490154,120222398482650154,120222961900550154,"7-day click, 1-day view, or 1-day engaged-view",2025-04-20,2025-06-15,,,,,,,,,,,,2025-04-23,2025-04-23
2025-04-23,"Store Location Awareness Campaign",In_Store_Studio_Trial,"In store studio ads",120222208709130154,120222208709140154,120222208709150154,"7-day click or 1-day view",2025-04-20,2025-06-20,,,,,,,,3,,,,2025-04-23,2025-04-23
2025-04-23,Suits_Salwaar_Always_On_20_April,pacific_mart_nz_sales_Insta_Facebook,caraousel_old_stock_products_20_April,120222398482490154,120222398482650154,120222398482800154,"7-day click, 1-day view, or 1-day engaged-view",2025-04-20,2025-06-15,43,43,,,,,,1,,,,2025-04-23,2025-04-23
2025-04-22,Suits_Salwaar_Always_On_20_April,pacific_mart_nz_sales_Insta_Facebook,mothers_day_special_caraousel_new_stock_video_ads_20_April,120222398482490154,120222398482650154,120223381872460154,"7-day click, 1-day view, or 1-day engaged-view",2025-04-20,2025-06-15,5,4,,,,,,13,9,5,4,2025-04-22,2025-04-22
2025-04-22,Suits_Salwaar_new_stock_27th_April,pacific_mart_nz_traffic_feed_only,new_stock_traffic_insta_facebook_feed,120223368010610154,120223368010620154,120223368010630154,"7-day click or 1-day view",2025-04-22,Ongoing,2,,,,,,,,,,,2025-04-22,2025-04-22
2025-04-22,Suits_Salwaar_Always_On_20_April,pacific_mart_nz_sales_Insta_Facebook,caraousel_new_stock_video_ads_20_April,120222398482490154,120222398482650154,120222961900550154,"7-day click, 1-day view, or 1-day engaged-view",2025-04-20,2025-06-15,19,18,,2,1.32,,,141,71,47,34,2025-04-22,2025-04-22
2025-04-22,Suits_Salwaar_Always_On_20_April,pacific_mart_nz_sales_Insta_Facebook,caraousel_new_stock_image_ads_20_April,120222398482490154,120222398482650154,120222650733350154,"7-day click, 1-day view, or 1-day engaged-view",2025-04-20,2025-06-15,,,,,,,,,,,,2025-04-22,2025-04-22
2025-04-22,"Store Location Awareness Campaign",In_Store_Studio_Trial,free_shipping_ads,120222208709130154,120222208709140154,120222403684190154,"7-day click or 1-day view",2025-04-20,2025-06-20,1,1,,,,,,38,11,8,5,2025-04-22,2025-04-22
2025-04-22,Suits_Salwaar_Always_On_20_April,pacific_mart_nz_sales_Insta_Facebook,caraousel_old_stock_products_20_April,120222398482490154,120222398482650154,120222398482800154,"7-day click, 1-day view, or 1-day engaged-view",2025-04-20,2025-06-15,37,40,,2,2.02,1,,2,1,1,1,2025-04-22,2025-04-22
2025-04-21,Suits_Salwaar_Always_On_20_April,pacific_mart_nz_sales_Insta_Facebook,caraousel_new_stock_video_ads_20_April,120222398482490154,120222398482650154,120222961900550154,"7-day click, 1-day view, or 1-day engaged-view",2025-04-20,2025-06-15,3,4,,,,,,6,4,2,2,2025-04-21,2025-04-21
2025-04-21,"Store Location Awareness Campaign",In_Store_Studio_Trial,free_shipping_ads,120222208709130154,120222208709140154,120222403684190154,"7-day click or 1-day view",2025-04-20,2025-06-20,,,,,,,,62,18,9,7,2025-04-21,2025-04-21
2025-04-21,Suits_Salwaar_Always_On_20_April,pacific_mart_nz_sales_Insta_Facebook,caraousel_old_stock_products_20_April,120222398482490154,120222398482650154,120222398482800154,"7-day click, 1-day view, or 1-day engaged-view",2025-04-20,2025-06-15,58,58,,,,,,6,4,2,1,2025-04-21,2025-04-21
2025-04-20,Suits_Salwaar_Always_On_20_April,pacific_mart_nz_sales_Insta_Facebook,caraousel_new_stock_image_ads_20_April,120222398482490154,120222398482650154,120222650733350154,"7-day click, 1-day view, or 1-day engaged-view",2025-04-20,2025-06-15,1,1,,,,,,,,,,2025-04-20,2025-04-20
2025-04-20,"Store Location Awareness Campaign",In_Store_Studio_Trial,free_shipping_ads,120222208709130154,120222208709140154,120222403684190154,"7-day click or 1-day view",2025-04-20,2025-06-20,1,2,,,,,,44,15,6,5,2025-04-20,2025-04-20
2025-04-20,"Store Location Awareness Campaign",In_Store_Studio_Trial,"In store studio ads",120222208709130154,120222208709140154,120222208709150154,"7-day click or 1-day view",2025-04-20,2025-06-20,,,,,,,,,,,,2025-04-20,2025-04-20
2025-04-20,Suits_Salwaar_Always_On_20_April,pacific_mart_nz_sales_Insta_Facebook,caraousel_new_stock_video_ads_20_April,120222398482490154,120222398482650154,120222961900550154,"7-day click, 1-day view, or 1-day engaged-view",2025-04-20,2025-06-15,3,7,,,,,,19,9,7,4,2025-04-20,2025-04-20
2025-04-20,Suits_Salwaar_Always_On_20_April,pacific_mart_nz_sales_Insta_Facebook,caraousel_old_stock_products_20_April,120222398482490154,120222398482650154,120222398482800154,"7-day click, 1-day view, or 1-day engaged-view",2025-04-20,2025-06-15,19,13,,,,,,1,1,1,1,2025-04-20,2025-04-20
